run_id,cell_id,status,platform,variant,comm_pattern,mode,matrix_id,matrix_path,matrix_sha256,family,family_params,routing_mode,routing_path,routing_sha256,budget_mib,effective_budget_bytes,topk,G,H,chunk_bytes,dtype,world_size,nnodes,ranks_per_node,fabric,ntokens,tokens_per_rank,iters,warmup_iters,sm_margin,deterministic,env_json,git_sha,git_dirty,wire_ratio,relay_ident_bytes,relay_balanced_bytes,correct_bitwise,correct_allclose,exit_code,start_ts,end_ts,log_dir,nsys_path,prof_path,notes,router,eps,placement_sha,incidence_remote,mean_nodes_per_token,layer,timing_mode,timing_accounting,torch_ref_impl,planner_impl,replica_select,plan_comm_bytes,shape,ffn_hidden,place_dynamic,place_solver_ms
20260831-152556_perlmutter_ca523dcb,ours_l01_s1_pv2_r2_trace-0956d6_b1_k8_isolated,ok,perlmutter,ours_l01_s1_pv2_r2,ours_l01,isolated,w16x4_trace-fbe200_b1_k8_id001,/pscratch/sd/y/yufeid/workspace/andrewy/a2av_test_matrices/generated/w16x4_trace-fbe200_b1_k8_id001.txt,1f472d8765d53975a96ce5845755b859dd58ceb07902d820f0c63ca959bb3596,trace,"{""dslots"": ""64:32"", ""layer"": 5, ""model"": ""Qwen3-235B"", ""opool"": ""livecodebench/execution+mmlu/college_mathematics+mmlu/high_school_world_history+mmlu/philosophy+mmlu_ZH_CN/college_mathematics+mmlu_ZH_CN/high_school_world_history"", ""pools"": ""livecodebench/execution"", ""sem"": ""homog""}",real,/pscratch/sd/y/yufeid/workspace/andrewy/a2av_test_matrices/generated/w16x4_trace-fbe200_b1_k8_id001.routing.txt,0fd20cd8334503775640a996a00035759e352782585a5acc92dcdb651a800527,1,1048576,8,128,4096,8192,bfloat16,16,4,4,cxi,,,10,5,8,0,"{""CUDA_DEVICE_MAX_CONNECTIONS"": ""32"", ""FLUX_A2AV_EARLY_LAUNCH"": ""1"", ""FLUX_A2AV_FUSED_STAGE2"": ""1"", ""FLUX_A2AV_LB_UNION"": ""1"", ""FLUX_A2AV_RS_BUCKET"": ""1"", ""FLUX_A2AV_RS_EAGER"": ""0"", ""FLUX_A2AV_RS_FUSED_PACK"": ""1"", ""FLUX_A2AV_RS_MSPLIT"": ""1"", ""FLUX_A2AV_RS_PACK_BLOCKS"": ""10"", ""FLUX_A2AV_RS_PRERED_BLOCKS"": ""6"", ""FLUX_A2AV_RS_REDUCE_BLOCKS"": ""8"", ""FLUX_A2AV_RS_WIRE_STREAMS"": ""16"", ""FLUX_A2AV_WAVE_PACK"": ""1"", ""FLUX_EXTRA_TORCHRUN_ARGS"": ""--redirects 3 --log-dir /pscratch/sd/y/yufeid/workspace/andrewy/sweep_data/20260831-152556_perlmutter_ca523dcb/cells/ours_l01_s1_pv2_r2_trace-0956d6_b1_k8_isolated/torchrun"", ""FLUX_OURS_PLAN_GRAPH"": ""1"", ""FLUX_OURS_PLAN_SCALE_GRAPH"": ""1"", ""FLUX_SWEEP_ISOLATED_ITERS"": ""1"", ""FLUX_SWEEP_RECORD_DIR"": ""/pscratch/sd/y/yufeid/workspace/andrewy/sweep_data/20260831-152556_perlmutter_ca523dcb/cells/ours_l01_s1_pv2_r2_trace-0956d6_b1_k8_isolated/records"", ""FLUX_TEST_DETERMINISTIC"": ""0"", ""NVSHMEM_SYMMETRIC_SIZE"": ""6G""}",98eb2c8095445afaf08fdc5cadd21b177b8ef1ac,1,,,,,,0,2026-08-31T15:25:56Z,2026-08-31T15:26:25Z,/pscratch/sd/y/yufeid/workspace/andrewy/sweep_data/20260831-152556_perlmutter_ca523dcb/cells/ours_l01_s1_pv2_r2_trace-0956d6_b1_k8_isolated,,,"hetoracle 8.31: Qwen 4n b1-b64 isolated, mixed 6-topic oracle (opool mix6), per-topic homog eval, mean-over-topics scenario",,,,,,l01,,per_iter_gpu,,,,,qwen3,1536,,120.221
20260831-152556_perlmutter_ca523dcb,ours_l01_s1_pv2_r2_trace-0956d6_b2_k8_isolated,ok,perlmutter,ours_l01_s1_pv2_r2,ours_l01,isolated,w16x4_trace-1badf1_b2_k8_id001,/pscratch/sd/y/yufeid/workspace/andrewy/a2av_test_matrices/generated/w16x4_trace-1badf1_b2_k8_id001.txt,a63e3cc5676d6d6e3a2cfced81942cbeb08512fe553bb4b1d7d39ee68c207613,trace,"{""dslots"": ""64:32"", ""layer"": 5, ""model"": ""Qwen3-235B"", ""opool"": ""livecodebench/execution+mmlu/college_mathematics+mmlu/high_school_world_history+mmlu/philosophy+mmlu_ZH_CN/college_mathematics+mmlu_ZH_CN/high_school_world_history"", ""pools"": ""livecodebench/execution"", ""sem"": ""homog""}",real,/pscratch/sd/y/yufeid/workspace/andrewy/a2av_test_matrices/generated/w16x4_trace-1badf1_b2_k8_id001.routing.txt,bc6c9832c845c6fa94ad4bf8a344f57d14c605c1a9dc7d5bde4b82b49b01a809,2,2097152,8,128,4096,8192,bfloat16,16,4,4,cxi,,,10,5,8,0,"{""CUDA_DEVICE_MAX_CONNECTIONS"": ""32"", ""FLUX_A2AV_EARLY_LAUNCH"": ""1"", ""FLUX_A2AV_FUSED_STAGE2"": ""1"", ""FLUX_A2AV_LB_UNION"": ""1"", ""FLUX_A2AV_RS_BUCKET"": ""1"", ""FLUX_A2AV_RS_EAGER"": ""0"", ""FLUX_A2AV_RS_FUSED_PACK"": ""1"", ""FLUX_A2AV_RS_MSPLIT"": ""1"", ""FLUX_A2AV_RS_PACK_BLOCKS"": ""10"", ""FLUX_A2AV_RS_PRERED_BLOCKS"": ""6"", ""FLUX_A2AV_RS_REDUCE_BLOCKS"": ""8"", ""FLUX_A2AV_RS_WIRE_STREAMS"": ""16"", ""FLUX_A2AV_WAVE_PACK"": ""1"", ""FLUX_EXTRA_TORCHRUN_ARGS"": ""--redirects 3 --log-dir /pscratch/sd/y/yufeid/workspace/andrewy/sweep_data/20260831-152556_perlmutter_ca523dcb/cells/ours_l01_s1_pv2_r2_trace-0956d6_b2_k8_isolated/torchrun"", ""FLUX_OURS_PLAN_GRAPH"": ""1"", ""FLUX_OURS_PLAN_SCALE_GRAPH"": ""1"", ""FLUX_SWEEP_ISOLATED_ITERS"": ""1"", ""FLUX_SWEEP_RECORD_DIR"": ""/pscratch/sd/y/yufeid/workspace/andrewy/sweep_data/20260831-152556_perlmutter_ca523dcb/cells/ours_l01_s1_pv2_r2_trace-0956d6_b2_k8_isolated/records"", ""FLUX_TEST_DETERMINISTIC"": ""0"", ""NVSHMEM_SYMMETRIC_SIZE"": ""6G""}",98eb2c8095445afaf08fdc5cadd21b177b8ef1ac,1,,,,,,0,2026-08-31T15:26:25Z,2026-08-31T15:26:53Z,/pscratch/sd/y/yufeid/workspace/andrewy/sweep_data/20260831-152556_perlmutter_ca523dcb/cells/ours_l01_s1_pv2_r2_trace-0956d6_b2_k8_isolated,,,"hetoracle 8.31: Qwen 4n b1-b64 isolated, mixed 6-topic oracle (opool mix6), per-topic homog eval, mean-over-topics scenario",,,,,,l01,,per_iter_gpu,,,,,qwen3,1536,,81.2
20260831-152556_perlmutter_ca523dcb,ours_l01_s1_pv2_r2_trace-0956d6_b4_k8_isolated,ok,perlmutter,ours_l01_s1_pv2_r2,ours_l01,isolated,w16x4_trace-5fbb53_b4_k8_id001,/pscratch/sd/y/yufeid/workspace/andrewy/a2av_test_matrices/generated/w16x4_trace-5fbb53_b4_k8_id001.txt,b33253da8e67cb480f5a3762be281a23eeb8bdf8654f7542a1eb4fef11abcaf7,trace,"{""dslots"": ""64:32"", ""layer"": 5, ""model"": ""Qwen3-235B"", ""opool"": ""livecodebench/execution+mmlu/college_mathematics+mmlu/high_school_world_history+mmlu/philosophy+mmlu_ZH_CN/college_mathematics+mmlu_ZH_CN/high_school_world_history"", ""pools"": ""livecodebench/execution"", ""sem"": ""homog""}",real,/pscratch/sd/y/yufeid/workspace/andrewy/a2av_test_matrices/generated/w16x4_trace-5fbb53_b4_k8_id001.routing.txt,df2d12017b8b7857a16005faca6b26d4a1b82bb0770d891863d0f7e1cdad964d,4,4194304,8,128,4096,8192,bfloat16,16,4,4,cxi,,,10,5,8,0,"{""CUDA_DEVICE_MAX_CONNECTIONS"": ""32"", ""FLUX_A2AV_EARLY_LAUNCH"": ""1"", ""FLUX_A2AV_FUSED_STAGE2"": ""1"", ""FLUX_A2AV_LB_UNION"": ""1"", ""FLUX_A2AV_RS_BUCKET"": ""1"", ""FLUX_A2AV_RS_EAGER"": ""0"", ""FLUX_A2AV_RS_FUSED_PACK"": ""1"", ""FLUX_A2AV_RS_MSPLIT"": ""1"", ""FLUX_A2AV_RS_PACK_BLOCKS"": ""10"", ""FLUX_A2AV_RS_PRERED_BLOCKS"": ""6"", ""FLUX_A2AV_RS_REDUCE_BLOCKS"": ""8"", ""FLUX_A2AV_RS_WIRE_STREAMS"": ""16"", ""FLUX_A2AV_WAVE_PACK"": ""1"", ""FLUX_EXTRA_TORCHRUN_ARGS"": ""--redirects 3 --log-dir /pscratch/sd/y/yufeid/workspace/andrewy/sweep_data/20260831-152556_perlmutter_ca523dcb/cells/ours_l01_s1_pv2_r2_trace-0956d6_b4_k8_isolated/torchrun"", ""FLUX_OURS_PLAN_GRAPH"": ""1"", ""FLUX_OURS_PLAN_SCALE_GRAPH"": ""1"", ""FLUX_SWEEP_ISOLATED_ITERS"": ""1"", ""FLUX_SWEEP_RECORD_DIR"": ""/pscratch/sd/y/yufeid/workspace/andrewy/sweep_data/20260831-152556_perlmutter_ca523dcb/cells/ours_l01_s1_pv2_r2_trace-0956d6_b4_k8_isolated/records"", ""FLUX_TEST_DETERMINISTIC"": ""0"", ""NVSHMEM_SYMMETRIC_SIZE"": ""6G""}",98eb2c8095445afaf08fdc5cadd21b177b8ef1ac,1,,,,,,0,2026-08-31T15:26:53Z,2026-08-31T15:27:22Z,/pscratch/sd/y/yufeid/workspace/andrewy/sweep_data/20260831-152556_perlmutter_ca523dcb/cells/ours_l01_s1_pv2_r2_trace-0956d6_b4_k8_isolated,,,"hetoracle 8.31: Qwen 4n b1-b64 isolated, mixed 6-topic oracle (opool mix6), per-topic homog eval, mean-over-topics scenario",,,,,,l01,,per_iter_gpu,,,,,qwen3,1536,,77.238
20260831-152556_perlmutter_ca523dcb,ours_l01_s1_pv2_r2_trace-0956d6_b8_k8_isolated,ok,perlmutter,ours_l01_s1_pv2_r2,ours_l01,isolated,w16x4_trace-8da2a7_b8_k8_id001,/pscratch/sd/y/yufeid/workspace/andrewy/a2av_test_matrices/generated/w16x4_trace-8da2a7_b8_k8_id001.txt,99c74e747a81e2abe200f1421bfa98911a7aaa920f6d7b43189cab93c35e9421,trace,"{""dslots"": ""64:32"", ""layer"": 5, ""model"": ""Qwen3-235B"", ""opool"": ""livecodebench/execution+mmlu/college_mathematics+mmlu/high_school_world_history+mmlu/philosophy+mmlu_ZH_CN/college_mathematics+mmlu_ZH_CN/high_school_world_history"", ""pools"": ""livecodebench/execution"", ""sem"": ""homog""}",real,/pscratch/sd/y/yufeid/workspace/andrewy/a2av_test_matrices/generated/w16x4_trace-8da2a7_b8_k8_id001.routing.txt,3a2353ebc99a552273387dd74c9ce6f56204b94a349a20cb9b65a3449f0d8701,8,8388608,8,128,4096,8192,bfloat16,16,4,4,cxi,,,10,5,8,0,"{""CUDA_DEVICE_MAX_CONNECTIONS"": ""32"", ""FLUX_A2AV_EARLY_LAUNCH"": ""1"", ""FLUX_A2AV_FUSED_STAGE2"": ""1"", ""FLUX_A2AV_LB_UNION"": ""1"", ""FLUX_A2AV_RS_BUCKET"": ""1"", ""FLUX_A2AV_RS_EAGER"": ""0"", ""FLUX_A2AV_RS_FUSED_PACK"": ""1"", ""FLUX_A2AV_RS_MSPLIT"": ""1"", ""FLUX_A2AV_RS_PACK_BLOCKS"": ""10"", ""FLUX_A2AV_RS_PRERED_BLOCKS"": ""6"", ""FLUX_A2AV_RS_REDUCE_BLOCKS"": ""8"", ""FLUX_A2AV_RS_WIRE_STREAMS"": ""16"", ""FLUX_A2AV_WAVE_PACK"": ""1"", ""FLUX_EXTRA_TORCHRUN_ARGS"": ""--redirects 3 --log-dir /pscratch/sd/y/yufeid/workspace/andrewy/sweep_data/20260831-152556_perlmutter_ca523dcb/cells/ours_l01_s1_pv2_r2_trace-0956d6_b8_k8_isolated/torchrun"", ""FLUX_OURS_PLAN_GRAPH"": ""1"", ""FLUX_OURS_PLAN_SCALE_GRAPH"": ""1"", ""FLUX_SWEEP_ISOLATED_ITERS"": ""1"", ""FLUX_SWEEP_RECORD_DIR"": ""/pscratch/sd/y/yufeid/workspace/andrewy/sweep_data/20260831-152556_perlmutter_ca523dcb/cells/ours_l01_s1_pv2_r2_trace-0956d6_b8_k8_isolated/records"", ""FLUX_TEST_DETERMINISTIC"": ""0"", ""NVSHMEM_SYMMETRIC_SIZE"": ""6G""}",98eb2c8095445afaf08fdc5cadd21b177b8ef1ac,1,,,,,,0,2026-08-31T15:27:22Z,2026-08-31T15:27:50Z,/pscratch/sd/y/yufeid/workspace/andrewy/sweep_data/20260831-152556_perlmutter_ca523dcb/cells/ours_l01_s1_pv2_r2_trace-0956d6_b8_k8_isolated,,,"hetoracle 8.31: Qwen 4n b1-b64 isolated, mixed 6-topic oracle (opool mix6), per-topic homog eval, mean-over-topics scenario",,,,,,l01,,per_iter_gpu,,,,,qwen3,1536,,74.162
20260831-152556_perlmutter_ca523dcb,ours_l01_s1_pv2_r2_trace-0956d6_b16_k8_isolated,ok,perlmutter,ours_l01_s1_pv2_r2,ours_l01,isolated,w16x4_trace-573f9c_b16_k8_id001,/pscratch/sd/y/yufeid/workspace/andrewy/a2av_test_matrices/generated/w16x4_trace-573f9c_b16_k8_id001.txt,1ed8bb3b3a904ae834957d63f9159e78c0f957b1f384a2212a6b79200c01aecf,trace,"{""dslots"": ""64:32"", ""layer"": 5, ""model"": ""Qwen3-235B"", ""opool"": ""livecodebench/execution+mmlu/college_mathematics+mmlu/high_school_world_history+mmlu/philosophy+mmlu_ZH_CN/college_mathematics+mmlu_ZH_CN/high_school_world_history"", ""pools"": ""livecodebench/execution"", ""sem"": ""homog""}",real,/pscratch/sd/y/yufeid/workspace/andrewy/a2av_test_matrices/generated/w16x4_trace-573f9c_b16_k8_id001.routing.txt,d5e1b17464f8715f150e22c7eec9ca921d365afccb9a12f0b18d5ca6075f22e5,16,16777216,8,128,4096,8192,bfloat16,16,4,4,cxi,,,10,5,8,0,"{""CUDA_DEVICE_MAX_CONNECTIONS"": ""32"", ""FLUX_A2AV_EARLY_LAUNCH"": ""1"", ""FLUX_A2AV_FUSED_STAGE2"": ""1"", ""FLUX_A2AV_LB_UNION"": ""1"", ""FLUX_A2AV_RS_BUCKET"": ""1"", ""FLUX_A2AV_RS_EAGER"": ""0"", ""FLUX_A2AV_RS_FUSED_PACK"": ""1"", ""FLUX_A2AV_RS_MSPLIT"": ""1"", ""FLUX_A2AV_RS_PACK_BLOCKS"": ""10"", ""FLUX_A2AV_RS_PRERED_BLOCKS"": ""6"", ""FLUX_A2AV_RS_REDUCE_BLOCKS"": ""8"", ""FLUX_A2AV_RS_WIRE_STREAMS"": ""16"", ""FLUX_A2AV_WAVE_PACK"": ""1"", ""FLUX_EXTRA_TORCHRUN_ARGS"": ""--redirects 3 --log-dir /pscratch/sd/y/yufeid/workspace/andrewy/sweep_data/20260831-152556_perlmutter_ca523dcb/cells/ours_l01_s1_pv2_r2_trace-0956d6_b16_k8_isolated/torchrun"", ""FLUX_OURS_PLAN_GRAPH"": ""1"", ""FLUX_OURS_PLAN_SCALE_GRAPH"": ""1"", ""FLUX_SWEEP_ISOLATED_ITERS"": ""1"", ""FLUX_SWEEP_RECORD_DIR"": ""/pscratch/sd/y/yufeid/workspace/andrewy/sweep_data/20260831-152556_perlmutter_ca523dcb/cells/ours_l01_s1_pv2_r2_trace-0956d6_b16_k8_isolated/records"", ""FLUX_TEST_DETERMINISTIC"": ""0"", ""NVSHMEM_SYMMETRIC_SIZE"": ""6G""}",98eb2c8095445afaf08fdc5cadd21b177b8ef1ac,1,,,,,,0,2026-08-31T15:27:50Z,2026-08-31T15:28:22Z,/pscratch/sd/y/yufeid/workspace/andrewy/sweep_data/20260831-152556_perlmutter_ca523dcb/cells/ours_l01_s1_pv2_r2_trace-0956d6_b16_k8_isolated,,,"hetoracle 8.31: Qwen 4n b1-b64 isolated, mixed 6-topic oracle (opool mix6), per-topic homog eval, mean-over-topics scenario",,,,,,l01,,per_iter_gpu,,,,,qwen3,1536,,76.51
20260831-152556_perlmutter_ca523dcb,ours_l01_s1_pv2_r2_trace-0956d6_b32_k8_isolated,ok,perlmutter,ours_l01_s1_pv2_r2,ours_l01,isolated,w16x4_trace-a056ca_b32_k8_id001,/pscratch/sd/y/yufeid/workspace/andrewy/a2av_test_matrices/generated/w16x4_trace-a056ca_b32_k8_id001.txt,285e72bc2e779b6804b5346c30a4355e354347c8a5d55df6d1fb2758ef047572,trace,"{""dslots"": ""64:32"", ""layer"": 5, ""model"": ""Qwen3-235B"", ""opool"": ""livecodebench/execution+mmlu/college_mathematics+mmlu/high_school_world_history+mmlu/philosophy+mmlu_ZH_CN/college_mathematics+mmlu_ZH_CN/high_school_world_history"", ""pools"": ""livecodebench/execution"", ""sem"": ""homog""}",real,/pscratch/sd/y/yufeid/workspace/andrewy/a2av_test_matrices/generated/w16x4_trace-a056ca_b32_k8_id001.routing.txt,966de11134fe9cd657a1b0225aeaf7f4415ee1ecb95a01d894bebb0731e6ae38,32,33554432,8,128,4096,8192,bfloat16,16,4,4,cxi,,,10,5,8,0,"{""CUDA_DEVICE_MAX_CONNECTIONS"": ""32"", ""FLUX_A2AV_EARLY_LAUNCH"": ""1"", ""FLUX_A2AV_FUSED_STAGE2"": ""1"", ""FLUX_A2AV_LB_UNION"": ""1"", ""FLUX_A2AV_RS_BUCKET"": ""1"", ""FLUX_A2AV_RS_EAGER"": ""0"", ""FLUX_A2AV_RS_FUSED_PACK"": ""1"", ""FLUX_A2AV_RS_MSPLIT"": ""1"", ""FLUX_A2AV_RS_PACK_BLOCKS"": ""10"", ""FLUX_A2AV_RS_PRERED_BLOCKS"": ""6"", ""FLUX_A2AV_RS_REDUCE_BLOCKS"": ""8"", ""FLUX_A2AV_RS_WIRE_STREAMS"": ""16"", ""FLUX_A2AV_WAVE_PACK"": ""1"", ""FLUX_EXTRA_TORCHRUN_ARGS"": ""--redirects 3 --log-dir /pscratch/sd/y/yufeid/workspace/andrewy/sweep_data/20260831-152556_perlmutter_ca523dcb/cells/ours_l01_s1_pv2_r2_trace-0956d6_b32_k8_isolated/torchrun"", ""FLUX_OURS_PLAN_GRAPH"": ""1"", ""FLUX_OURS_PLAN_SCALE_GRAPH"": ""1"", ""FLUX_SWEEP_ISOLATED_ITERS"": ""1"", ""FLUX_SWEEP_RECORD_DIR"": ""/pscratch/sd/y/yufeid/workspace/andrewy/sweep_data/20260831-152556_perlmutter_ca523dcb/cells/ours_l01_s1_pv2_r2_trace-0956d6_b32_k8_isolated/records"", ""FLUX_TEST_DETERMINISTIC"": ""0"", ""NVSHMEM_SYMMETRIC_SIZE"": ""7G""}",98eb2c8095445afaf08fdc5cadd21b177b8ef1ac,1,,,,,,0,2026-08-31T15:28:22Z,2026-08-31T15:28:51Z,/pscratch/sd/y/yufeid/workspace/andrewy/sweep_data/20260831-152556_perlmutter_ca523dcb/cells/ours_l01_s1_pv2_r2_trace-0956d6_b32_k8_isolated,,,"hetoracle 8.31: Qwen 4n b1-b64 isolated, mixed 6-topic oracle (opool mix6), per-topic homog eval, mean-over-topics scenario",,,,,,l01,,per_iter_gpu,,,,,qwen3,1536,,75.153
20260831-152556_perlmutter_ca523dcb,ours_l01_s1_pv2_r2_trace-0956d6_b64_k8_isolated,ok,perlmutter,ours_l01_s1_pv2_r2,ours_l01,isolated,w16x4_trace-b06155_b64_k8_id001,/pscratch/sd/y/yufeid/workspace/andrewy/a2av_test_matrices/generated/w16x4_trace-b06155_b64_k8_id001.txt,73bf103c42aab1bda736d5ce72711adde97df5daacd4fdae31bdee2fa7f7820e,trace,"{""dslots"": ""64:32"", ""layer"": 5, ""model"": ""Qwen3-235B"", ""opool"": ""livecodebench/execution+mmlu/college_mathematics+mmlu/high_school_world_history+mmlu/philosophy+mmlu_ZH_CN/college_mathematics+mmlu_ZH_CN/high_school_world_history"", ""pools"": ""livecodebench/execution"", ""sem"": ""homog""}",real,/pscratch/sd/y/yufeid/workspace/andrewy/a2av_test_matrices/generated/w16x4_trace-b06155_b64_k8_id001.routing.txt,22f755fc059e7fd61acc4edd746f7adf639d5d4ad3d993ce4de844e79ccd7c97,64,67108864,8,128,4096,8192,bfloat16,16,4,4,cxi,,,10,5,8,0,"{""CUDA_DEVICE_MAX_CONNECTIONS"": ""32"", ""FLUX_A2AV_EARLY_LAUNCH"": ""1"", ""FLUX_A2AV_FUSED_STAGE2"": ""1"", ""FLUX_A2AV_LB_UNION"": ""1"", ""FLUX_A2AV_RS_BUCKET"": ""1"", ""FLUX_A2AV_RS_EAGER"": ""0"", ""FLUX_A2AV_RS_FUSED_PACK"": ""1"", ""FLUX_A2AV_RS_MSPLIT"": ""1"", ""FLUX_A2AV_RS_PACK_BLOCKS"": ""10"", ""FLUX_A2AV_RS_PRERED_BLOCKS"": ""6"", ""FLUX_A2AV_RS_REDUCE_BLOCKS"": ""8"", ""FLUX_A2AV_RS_WIRE_STREAMS"": ""16"", ""FLUX_A2AV_WAVE_PACK"": ""1"", ""FLUX_EXTRA_TORCHRUN_ARGS"": ""--redirects 3 --log-dir /pscratch/sd/y/yufeid/workspace/andrewy/sweep_data/20260831-152556_perlmutter_ca523dcb/cells/ours_l01_s1_pv2_r2_trace-0956d6_b64_k8_isolated/torchrun"", ""FLUX_OURS_PLAN_GRAPH"": ""1"", ""FLUX_OURS_PLAN_SCALE_GRAPH"": ""1"", ""FLUX_SWEEP_ISOLATED_ITERS"": ""1"", ""FLUX_SWEEP_RECORD_DIR"": ""/pscratch/sd/y/yufeid/workspace/andrewy/sweep_data/20260831-152556_perlmutter_ca523dcb/cells/ours_l01_s1_pv2_r2_trace-0956d6_b64_k8_isolated/records"", ""FLUX_TEST_DETERMINISTIC"": ""0"", ""NVSHMEM_SYMMETRIC_SIZE"": ""13G""}",98eb2c8095445afaf08fdc5cadd21b177b8ef1ac,1,,,,,,0,2026-08-31T15:28:51Z,2026-08-31T15:29:26Z,/pscratch/sd/y/yufeid/workspace/andrewy/sweep_data/20260831-152556_perlmutter_ca523dcb/cells/ours_l01_s1_pv2_r2_trace-0956d6_b64_k8_isolated,,,"hetoracle 8.31: Qwen 4n b1-b64 isolated, mixed 6-topic oracle (opool mix6), per-topic homog eval, mean-over-topics scenario",,,,,,l01,,per_iter_gpu,,,,,qwen3,1536,,73.903
20260831-152556_perlmutter_ca523dcb,ours_l01_s1_pv2_r2_trace-16b676_b1_k8_isolated,ok,perlmutter,ours_l01_s1_pv2_r2,ours_l01,isolated,w16x4_trace-a5f508_b1_k8_id001,/pscratch/sd/y/yufeid/workspace/andrewy/a2av_test_matrices/generated/w16x4_trace-a5f508_b1_k8_id001.txt,b681592ea706b19a16850ba409f671d855273eefca825b608813784d30d0b8f1,trace,"{""dslots"": ""64:32"", ""layer"": 5, ""model"": ""Qwen3-235B"", ""opool"": ""livecodebench/execution+mmlu/college_mathematics+mmlu/high_school_world_history+mmlu/philosophy+mmlu_ZH_CN/college_mathematics+mmlu_ZH_CN/high_school_world_history"", ""pools"": ""mmlu/college_mathematics"", ""sem"": ""homog""}",real,/pscratch/sd/y/yufeid/workspace/andrewy/a2av_test_matrices/generated/w16x4_trace-a5f508_b1_k8_id001.routing.txt,4980f39a2b3b8bb0b0e7c0735c9c6af970c749f95a39f33321d33cfc4998bc33,1,1048576,8,128,4096,8192,bfloat16,16,4,4,cxi,,,10,5,8,0,"{""CUDA_DEVICE_MAX_CONNECTIONS"": ""32"", ""FLUX_A2AV_EARLY_LAUNCH"": ""1"", ""FLUX_A2AV_FUSED_STAGE2"": ""1"", ""FLUX_A2AV_LB_UNION"": ""1"", ""FLUX_A2AV_RS_BUCKET"": ""1"", ""FLUX_A2AV_RS_EAGER"": ""0"", ""FLUX_A2AV_RS_FUSED_PACK"": ""1"", ""FLUX_A2AV_RS_MSPLIT"": ""1"", ""FLUX_A2AV_RS_PACK_BLOCKS"": ""10"", ""FLUX_A2AV_RS_PRERED_BLOCKS"": ""6"", ""FLUX_A2AV_RS_REDUCE_BLOCKS"": ""8"", ""FLUX_A2AV_RS_WIRE_STREAMS"": ""16"", ""FLUX_A2AV_WAVE_PACK"": ""1"", ""FLUX_EXTRA_TORCHRUN_ARGS"": ""--redirects 3 --log-dir /pscratch/sd/y/yufeid/workspace/andrewy/sweep_data/20260831-152556_perlmutter_ca523dcb/cells/ours_l01_s1_pv2_r2_trace-16b676_b1_k8_isolated/torchrun"", ""FLUX_OURS_PLAN_GRAPH"": ""1"", ""FLUX_OURS_PLAN_SCALE_GRAPH"": ""1"", ""FLUX_SWEEP_ISOLATED_ITERS"": ""1"", ""FLUX_SWEEP_RECORD_DIR"": ""/pscratch/sd/y/yufeid/workspace/andrewy/sweep_data/20260831-152556_perlmutter_ca523dcb/cells/ours_l01_s1_pv2_r2_trace-16b676_b1_k8_isolated/records"", ""FLUX_TEST_DETERMINISTIC"": ""0"", ""NVSHMEM_SYMMETRIC_SIZE"": ""6G""}",98eb2c8095445afaf08fdc5cadd21b177b8ef1ac,1,,,,,,0,2026-08-31T15:29:26Z,2026-08-31T15:29:56Z,/pscratch/sd/y/yufeid/workspace/andrewy/sweep_data/20260831-152556_perlmutter_ca523dcb/cells/ours_l01_s1_pv2_r2_trace-16b676_b1_k8_isolated,,,"hetoracle 8.31: Qwen 4n b1-b64 isolated, mixed 6-topic oracle (opool mix6), per-topic homog eval, mean-over-topics scenario",,,,,,l01,,per_iter_gpu,,,,,qwen3,1536,,75.52
20260831-152556_perlmutter_ca523dcb,ours_l01_s1_pv2_r2_trace-16b676_b2_k8_isolated,ok,perlmutter,ours_l01_s1_pv2_r2,ours_l01,isolated,w16x4_trace-8e4a39_b2_k8_id001,/pscratch/sd/y/yufeid/workspace/andrewy/a2av_test_matrices/generated/w16x4_trace-8e4a39_b2_k8_id001.txt,6400214e41eb4d1360f56a2c49f1d49312bfcac8c84034cf83d1bef85be7eab8,trace,"{""dslots"": ""64:32"", ""layer"": 5, ""model"": ""Qwen3-235B"", ""opool"": ""livecodebench/execution+mmlu/college_mathematics+mmlu/high_school_world_history+mmlu/philosophy+mmlu_ZH_CN/college_mathematics+mmlu_ZH_CN/high_school_world_history"", ""pools"": ""mmlu/college_mathematics"", ""sem"": ""homog""}",real,/pscratch/sd/y/yufeid/workspace/andrewy/a2av_test_matrices/generated/w16x4_trace-8e4a39_b2_k8_id001.routing.txt,9f1d31ee4b41f73c23e76269a72ae6456e725e192193cd84b81f19ccaf55563b,2,2097152,8,128,4096,8192,bfloat16,16,4,4,cxi,,,10,5,8,0,"{""CUDA_DEVICE_MAX_CONNECTIONS"": ""32"", ""FLUX_A2AV_EARLY_LAUNCH"": ""1"", ""FLUX_A2AV_FUSED_STAGE2"": ""1"", ""FLUX_A2AV_LB_UNION"": ""1"", ""FLUX_A2AV_RS_BUCKET"": ""1"", ""FLUX_A2AV_RS_EAGER"": ""0"", ""FLUX_A2AV_RS_FUSED_PACK"": ""1"", ""FLUX_A2AV_RS_MSPLIT"": ""1"", ""FLUX_A2AV_RS_PACK_BLOCKS"": ""10"", ""FLUX_A2AV_RS_PRERED_BLOCKS"": ""6"", ""FLUX_A2AV_RS_REDUCE_BLOCKS"": ""8"", ""FLUX_A2AV_RS_WIRE_STREAMS"": ""16"", ""FLUX_A2AV_WAVE_PACK"": ""1"", ""FLUX_EXTRA_TORCHRUN_ARGS"": ""--redirects 3 --log-dir /pscratch/sd/y/yufeid/workspace/andrewy/sweep_data/20260831-152556_perlmutter_ca523dcb/cells/ours_l01_s1_pv2_r2_trace-16b676_b2_k8_isolated/torchrun"", ""FLUX_OURS_PLAN_GRAPH"": ""1"", ""FLUX_OURS_PLAN_SCALE_GRAPH"": ""1"", ""FLUX_SWEEP_ISOLATED_ITERS"": ""1"", ""FLUX_SWEEP_RECORD_DIR"": ""/pscratch/sd/y/yufeid/workspace/andrewy/sweep_data/20260831-152556_perlmutter_ca523dcb/cells/ours_l01_s1_pv2_r2_trace-16b676_b2_k8_isolated/records"", ""FLUX_TEST_DETERMINISTIC"": ""0"", ""NVSHMEM_SYMMETRIC_SIZE"": ""6G""}",98eb2c8095445afaf08fdc5cadd21b177b8ef1ac,1,,,,,,0,2026-08-31T15:29:56Z,2026-08-31T15:30:24Z,/pscratch/sd/y/yufeid/workspace/andrewy/sweep_data/20260831-152556_perlmutter_ca523dcb/cells/ours_l01_s1_pv2_r2_trace-16b676_b2_k8_isolated,,,"hetoracle 8.31: Qwen 4n b1-b64 isolated, mixed 6-topic oracle (opool mix6), per-topic homog eval, mean-over-topics scenario",,,,,,l01,,per_iter_gpu,,,,,qwen3,1536,,74.872
20260831-152556_perlmutter_ca523dcb,ours_l01_s1_pv2_r2_trace-16b676_b4_k8_isolated,ok,perlmutter,ours_l01_s1_pv2_r2,ours_l01,isolated,w16x4_trace-506c3b_b4_k8_id001,/pscratch/sd/y/yufeid/workspace/andrewy/a2av_test_matrices/generated/w16x4_trace-506c3b_b4_k8_id001.txt,2a4ca7ab2894fdd8ffed6152ed2219249e4fd6d2e62ebe1275a4441358080e05,trace,"{""dslots"": ""64:32"", ""layer"": 5, ""model"": ""Qwen3-235B"", ""opool"": ""livecodebench/execution+mmlu/college_mathematics+mmlu/high_school_world_history+mmlu/philosophy+mmlu_ZH_CN/college_mathematics+mmlu_ZH_CN/high_school_world_history"", ""pools"": ""mmlu/college_mathematics"", ""sem"": ""homog""}",real,/pscratch/sd/y/yufeid/workspace/andrewy/a2av_test_matrices/generated/w16x4_trace-506c3b_b4_k8_id001.routing.txt,d31e70bdfd13317c8ab352a21bd519789ee11e4da98e46d911cf84817c90f4fe,4,4194304,8,128,4096,8192,bfloat16,16,4,4,cxi,,,10,5,8,0,"{""CUDA_DEVICE_MAX_CONNECTIONS"": ""32"", ""FLUX_A2AV_EARLY_LAUNCH"": ""1"", ""FLUX_A2AV_FUSED_STAGE2"": ""1"", ""FLUX_A2AV_LB_UNION"": ""1"", ""FLUX_A2AV_RS_BUCKET"": ""1"", ""FLUX_A2AV_RS_EAGER"": ""0"", ""FLUX_A2AV_RS_FUSED_PACK"": ""1"", ""FLUX_A2AV_RS_MSPLIT"": ""1"", ""FLUX_A2AV_RS_PACK_BLOCKS"": ""10"", ""FLUX_A2AV_RS_PRERED_BLOCKS"": ""6"", ""FLUX_A2AV_RS_REDUCE_BLOCKS"": ""8"", ""FLUX_A2AV_RS_WIRE_STREAMS"": ""16"", ""FLUX_A2AV_WAVE_PACK"": ""1"", ""FLUX_EXTRA_TORCHRUN_ARGS"": ""--redirects 3 --log-dir /pscratch/sd/y/yufeid/workspace/andrewy/sweep_data/20260831-152556_perlmutter_ca523dcb/cells/ours_l01_s1_pv2_r2_trace-16b676_b4_k8_isolated/torchrun"", ""FLUX_OURS_PLAN_GRAPH"": ""1"", ""FLUX_OURS_PLAN_SCALE_GRAPH"": ""1"", ""FLUX_SWEEP_ISOLATED_ITERS"": ""1"", ""FLUX_SWEEP_RECORD_DIR"": ""/pscratch/sd/y/yufeid/workspace/andrewy/sweep_data/20260831-152556_perlmutter_ca523dcb/cells/ours_l01_s1_pv2_r2_trace-16b676_b4_k8_isolated/records"", ""FLUX_TEST_DETERMINISTIC"": ""0"", ""NVSHMEM_SYMMETRIC_SIZE"": ""6G""}",98eb2c8095445afaf08fdc5cadd21b177b8ef1ac,1,,,,,,0,2026-08-31T15:30:24Z,2026-08-31T15:30:53Z,/pscratch/sd/y/yufeid/workspace/andrewy/sweep_data/20260831-152556_perlmutter_ca523dcb/cells/ours_l01_s1_pv2_r2_trace-16b676_b4_k8_isolated,,,"hetoracle 8.31: Qwen 4n b1-b64 isolated, mixed 6-topic oracle (opool mix6), per-topic homog eval, mean-over-topics scenario",,,,,,l01,,per_iter_gpu,,,,,qwen3,1536,,76.383
20260831-152556_perlmutter_ca523dcb,ours_l01_s1_pv2_r2_trace-16b676_b8_k8_isolated,ok,perlmutter,ours_l01_s1_pv2_r2,ours_l01,isolated,w16x4_trace-b7eeff_b8_k8_id001,/pscratch/sd/y/yufeid/workspace/andrewy/a2av_test_matrices/generated/w16x4_trace-b7eeff_b8_k8_id001.txt,99ad1d340fe266ede9ae7d911a7376071791499522d636c6009e9345badfa6f4,trace,"{""dslots"": ""64:32"", ""layer"": 5, ""model"": ""Qwen3-235B"", ""opool"": ""livecodebench/execution+mmlu/college_mathematics+mmlu/high_school_world_history+mmlu/philosophy+mmlu_ZH_CN/college_mathematics+mmlu_ZH_CN/high_school_world_history"", ""pools"": ""mmlu/college_mathematics"", ""sem"": ""homog""}",real,/pscratch/sd/y/yufeid/workspace/andrewy/a2av_test_matrices/generated/w16x4_trace-b7eeff_b8_k8_id001.routing.txt,0f603ffa23f0dd081133c939ddf3cdff31bc57fdf97f6940d677801553a77e15,8,8388608,8,128,4096,8192,bfloat16,16,4,4,cxi,,,10,5,8,0,"{""CUDA_DEVICE_MAX_CONNECTIONS"": ""32"", ""FLUX_A2AV_EARLY_LAUNCH"": ""1"", ""FLUX_A2AV_FUSED_STAGE2"": ""1"", ""FLUX_A2AV_LB_UNION"": ""1"", ""FLUX_A2AV_RS_BUCKET"": ""1"", ""FLUX_A2AV_RS_EAGER"": ""0"", ""FLUX_A2AV_RS_FUSED_PACK"": ""1"", ""FLUX_A2AV_RS_MSPLIT"": ""1"", ""FLUX_A2AV_RS_PACK_BLOCKS"": ""10"", ""FLUX_A2AV_RS_PRERED_BLOCKS"": ""6"", ""FLUX_A2AV_RS_REDUCE_BLOCKS"": ""8"", ""FLUX_A2AV_RS_WIRE_STREAMS"": ""16"", ""FLUX_A2AV_WAVE_PACK"": ""1"", ""FLUX_EXTRA_TORCHRUN_ARGS"": ""--redirects 3 --log-dir /pscratch/sd/y/yufeid/workspace/andrewy/sweep_data/20260831-152556_perlmutter_ca523dcb/cells/ours_l01_s1_pv2_r2_trace-16b676_b8_k8_isolated/torchrun"", ""FLUX_OURS_PLAN_GRAPH"": ""1"", ""FLUX_OURS_PLAN_SCALE_GRAPH"": ""1"", ""FLUX_SWEEP_ISOLATED_ITERS"": ""1"", ""FLUX_SWEEP_RECORD_DIR"": ""/pscratch/sd/y/yufeid/workspace/andrewy/sweep_data/20260831-152556_perlmutter_ca523dcb/cells/ours_l01_s1_pv2_r2_trace-16b676_b8_k8_isolated/records"", ""FLUX_TEST_DETERMINISTIC"": ""0"", ""NVSHMEM_SYMMETRIC_SIZE"": ""6G""}",98eb2c8095445afaf08fdc5cadd21b177b8ef1ac,1,,,,,,0,2026-08-31T15:30:53Z,2026-08-31T15:31:23Z,/pscratch/sd/y/yufeid/workspace/andrewy/sweep_data/20260831-152556_perlmutter_ca523dcb/cells/ours_l01_s1_pv2_r2_trace-16b676_b8_k8_isolated,,,"hetoracle 8.31: Qwen 4n b1-b64 isolated, mixed 6-topic oracle (opool mix6), per-topic homog eval, mean-over-topics scenario",,,,,,l01,,per_iter_gpu,,,,,qwen3,1536,,75.726
20260831-152556_perlmutter_ca523dcb,ours_l01_s1_pv2_r2_trace-16b676_b16_k8_isolated,ok,perlmutter,ours_l01_s1_pv2_r2,ours_l01,isolated,w16x4_trace-eeded4_b16_k8_id001,/pscratch/sd/y/yufeid/workspace/andrewy/a2av_test_matrices/generated/w16x4_trace-eeded4_b16_k8_id001.txt,bd2a0753b54773806221ae6ccb020c943c6daf0968ccea93e2b6f269dd641a5d,trace,"{""dslots"": ""64:32"", ""layer"": 5, ""model"": ""Qwen3-235B"", ""opool"": ""livecodebench/execution+mmlu/college_mathematics+mmlu/high_school_world_history+mmlu/philosophy+mmlu_ZH_CN/college_mathematics+mmlu_ZH_CN/high_school_world_history"", ""pools"": ""mmlu/college_mathematics"", ""sem"": ""homog""}",real,/pscratch/sd/y/yufeid/workspace/andrewy/a2av_test_matrices/generated/w16x4_trace-eeded4_b16_k8_id001.routing.txt,c612e03361548dbd022eb4ba79de39315fa9585d25374be43a625620d18a9f05,16,16777216,8,128,4096,8192,bfloat16,16,4,4,cxi,,,10,5,8,0,"{""CUDA_DEVICE_MAX_CONNECTIONS"": ""32"", ""FLUX_A2AV_EARLY_LAUNCH"": ""1"", ""FLUX_A2AV_FUSED_STAGE2"": ""1"", ""FLUX_A2AV_LB_UNION"": ""1"", ""FLUX_A2AV_RS_BUCKET"": ""1"", ""FLUX_A2AV_RS_EAGER"": ""0"", ""FLUX_A2AV_RS_FUSED_PACK"": ""1"", ""FLUX_A2AV_RS_MSPLIT"": ""1"", ""FLUX_A2AV_RS_PACK_BLOCKS"": ""10"", ""FLUX_A2AV_RS_PRERED_BLOCKS"": ""6"", ""FLUX_A2AV_RS_REDUCE_BLOCKS"": ""8"", ""FLUX_A2AV_RS_WIRE_STREAMS"": ""16"", ""FLUX_A2AV_WAVE_PACK"": ""1"", ""FLUX_EXTRA_TORCHRUN_ARGS"": ""--redirects 3 --log-dir /pscratch/sd/y/yufeid/workspace/andrewy/sweep_data/20260831-152556_perlmutter_ca523dcb/cells/ours_l01_s1_pv2_r2_trace-16b676_b16_k8_isolated/torchrun"", ""FLUX_OURS_PLAN_GRAPH"": ""1"", ""FLUX_OURS_PLAN_SCALE_GRAPH"": ""1"", ""FLUX_SWEEP_ISOLATED_ITERS"": ""1"", ""FLUX_SWEEP_RECORD_DIR"": ""/pscratch/sd/y/yufeid/workspace/andrewy/sweep_data/20260831-152556_perlmutter_ca523dcb/cells/ours_l01_s1_pv2_r2_trace-16b676_b16_k8_isolated/records"", ""FLUX_TEST_DETERMINISTIC"": ""0"", ""NVSHMEM_SYMMETRIC_SIZE"": ""6G""}",98eb2c8095445afaf08fdc5cadd21b177b8ef1ac,1,,,,,,0,2026-08-31T15:31:23Z,2026-08-31T15:31:51Z,/pscratch/sd/y/yufeid/workspace/andrewy/sweep_data/20260831-152556_perlmutter_ca523dcb/cells/ours_l01_s1_pv2_r2_trace-16b676_b16_k8_isolated,,,"hetoracle 8.31: Qwen 4n b1-b64 isolated, mixed 6-topic oracle (opool mix6), per-topic homog eval, mean-over-topics scenario",,,,,,l01,,per_iter_gpu,,,,,qwen3,1536,,75.726
20260831-152556_perlmutter_ca523dcb,ours_l01_s1_pv2_r2_trace-16b676_b32_k8_isolated,ok,perlmutter,ours_l01_s1_pv2_r2,ours_l01,isolated,w16x4_trace-95e402_b32_k8_id001,/pscratch/sd/y/yufeid/workspace/andrewy/a2av_test_matrices/generated/w16x4_trace-95e402_b32_k8_id001.txt,7e57e335bf4c81819e4eef2a3c4da11b46aa34f7c5588a003dc5d40f1f273981,trace,"{""dslots"": ""64:32"", ""layer"": 5, ""model"": ""Qwen3-235B"", ""opool"": ""livecodebench/execution+mmlu/college_mathematics+mmlu/high_school_world_history+mmlu/philosophy+mmlu_ZH_CN/college_mathematics+mmlu_ZH_CN/high_school_world_history"", ""pools"": ""mmlu/college_mathematics"", ""sem"": ""homog""}",real,/pscratch/sd/y/yufeid/workspace/andrewy/a2av_test_matrices/generated/w16x4_trace-95e402_b32_k8_id001.routing.txt,9444f9e63ec950991ebb6d1f0ceadb4ef8364fdfa9df18f2779e7cb5d28b9cbb,32,33554432,8,128,4096,8192,bfloat16,16,4,4,cxi,,,10,5,8,0,"{""CUDA_DEVICE_MAX_CONNECTIONS"": ""32"", ""FLUX_A2AV_EARLY_LAUNCH"": ""1"", ""FLUX_A2AV_FUSED_STAGE2"": ""1"", ""FLUX_A2AV_LB_UNION"": ""1"", ""FLUX_A2AV_RS_BUCKET"": ""1"", ""FLUX_A2AV_RS_EAGER"": ""0"", ""FLUX_A2AV_RS_FUSED_PACK"": ""1"", ""FLUX_A2AV_RS_MSPLIT"": ""1"", ""FLUX_A2AV_RS_PACK_BLOCKS"": ""10"", ""FLUX_A2AV_RS_PRERED_BLOCKS"": ""6"", ""FLUX_A2AV_RS_REDUCE_BLOCKS"": ""8"", ""FLUX_A2AV_RS_WIRE_STREAMS"": ""16"", ""FLUX_A2AV_WAVE_PACK"": ""1"", ""FLUX_EXTRA_TORCHRUN_ARGS"": ""--redirects 3 --log-dir /pscratch/sd/y/yufeid/workspace/andrewy/sweep_data/20260831-152556_perlmutter_ca523dcb/cells/ours_l01_s1_pv2_r2_trace-16b676_b32_k8_isolated/torchrun"", ""FLUX_OURS_PLAN_GRAPH"": ""1"", ""FLUX_OURS_PLAN_SCALE_GRAPH"": ""1"", ""FLUX_SWEEP_ISOLATED_ITERS"": ""1"", ""FLUX_SWEEP_RECORD_DIR"": ""/pscratch/sd/y/yufeid/workspace/andrewy/sweep_data/20260831-152556_perlmutter_ca523dcb/cells/ours_l01_s1_pv2_r2_trace-16b676_b32_k8_isolated/records"", ""FLUX_TEST_DETERMINISTIC"": ""0"", ""NVSHMEM_SYMMETRIC_SIZE"": ""7G""}",98eb2c8095445afaf08fdc5cadd21b177b8ef1ac,1,,,,,,0,2026-08-31T15:31:51Z,2026-08-31T15:32:26Z,/pscratch/sd/y/yufeid/workspace/andrewy/sweep_data/20260831-152556_perlmutter_ca523dcb/cells/ours_l01_s1_pv2_r2_trace-16b676_b32_k8_isolated,,,"hetoracle 8.31: Qwen 4n b1-b64 isolated, mixed 6-topic oracle (opool mix6), per-topic homog eval, mean-over-topics scenario",,,,,,l01,,per_iter_gpu,,,,,qwen3,1536,,71.613
20260831-152556_perlmutter_ca523dcb,ours_l01_s1_pv2_r2_trace-16b676_b64_k8_isolated,ok,perlmutter,ours_l01_s1_pv2_r2,ours_l01,isolated,w16x4_trace-a5facd_b64_k8_id001,/pscratch/sd/y/yufeid/workspace/andrewy/a2av_test_matrices/generated/w16x4_trace-a5facd_b64_k8_id001.txt,e8d636ac87c56f850fc2b3377317af97365dfdab6d6edd4c5c0f542b42990a30,trace,"{""dslots"": ""64:32"", ""layer"": 5, ""model"": ""Qwen3-235B"", ""opool"": ""livecodebench/execution+mmlu/college_mathematics+mmlu/high_school_world_history+mmlu/philosophy+mmlu_ZH_CN/college_mathematics+mmlu_ZH_CN/high_school_world_history"", ""pools"": ""mmlu/college_mathematics"", ""sem"": ""homog""}",real,/pscratch/sd/y/yufeid/workspace/andrewy/a2av_test_matrices/generated/w16x4_trace-a5facd_b64_k8_id001.routing.txt,828d9c0652bcc61082335402c6eb7f95189b66fdc652680e010d09a4a3d1cba0,64,67108864,8,128,4096,8192,bfloat16,16,4,4,cxi,,,10,5,8,0,"{""CUDA_DEVICE_MAX_CONNECTIONS"": ""32"", ""FLUX_A2AV_EARLY_LAUNCH"": ""1"", ""FLUX_A2AV_FUSED_STAGE2"": ""1"", ""FLUX_A2AV_LB_UNION"": ""1"", ""FLUX_A2AV_RS_BUCKET"": ""1"", ""FLUX_A2AV_RS_EAGER"": ""0"", ""FLUX_A2AV_RS_FUSED_PACK"": ""1"", ""FLUX_A2AV_RS_MSPLIT"": ""1"", ""FLUX_A2AV_RS_PACK_BLOCKS"": ""10"", ""FLUX_A2AV_RS_PRERED_BLOCKS"": ""6"", ""FLUX_A2AV_RS_REDUCE_BLOCKS"": ""8"", ""FLUX_A2AV_RS_WIRE_STREAMS"": ""16"", ""FLUX_A2AV_WAVE_PACK"": ""1"", ""FLUX_EXTRA_TORCHRUN_ARGS"": ""--redirects 3 --log-dir /pscratch/sd/y/yufeid/workspace/andrewy/sweep_data/20260831-152556_perlmutter_ca523dcb/cells/ours_l01_s1_pv2_r2_trace-16b676_b64_k8_isolated/torchrun"", ""FLUX_OURS_PLAN_GRAPH"": ""1"", ""FLUX_OURS_PLAN_SCALE_GRAPH"": ""1"", ""FLUX_SWEEP_ISOLATED_ITERS"": ""1"", ""FLUX_SWEEP_RECORD_DIR"": ""/pscratch/sd/y/yufeid/workspace/andrewy/sweep_data/20260831-152556_perlmutter_ca523dcb/cells/ours_l01_s1_pv2_r2_trace-16b676_b64_k8_isolated/records"", ""FLUX_TEST_DETERMINISTIC"": ""0"", ""NVSHMEM_SYMMETRIC_SIZE"": ""13G""}",98eb2c8095445afaf08fdc5cadd21b177b8ef1ac,1,,,,,,0,2026-08-31T15:32:26Z,2026-08-31T15:32:56Z,/pscratch/sd/y/yufeid/workspace/andrewy/sweep_data/20260831-152556_perlmutter_ca523dcb/cells/ours_l01_s1_pv2_r2_trace-16b676_b64_k8_isolated,,,"hetoracle 8.31: Qwen 4n b1-b64 isolated, mixed 6-topic oracle (opool mix6), per-topic homog eval, mean-over-topics scenario",,,,,,l01,,per_iter_gpu,,,,,qwen3,1536,,72.627
20260831-152556_perlmutter_ca523dcb,ours_l01_s1_pv2_r2_trace-de6e6f_b1_k8_isolated,ok,perlmutter,ours_l01_s1_pv2_r2,ours_l01,isolated,w16x4_trace-23b398_b1_k8_id001,/pscratch/sd/y/yufeid/workspace/andrewy/a2av_test_matrices/generated/w16x4_trace-23b398_b1_k8_id001.txt,e21ba800c834fe7eed85c8883792d1aa963c3c6fd2e68550c849fb30cbad3304,trace,"{""dslots"": ""64:32"", ""layer"": 5, ""model"": ""Qwen3-235B"", ""opool"": ""livecodebench/execution+mmlu/college_mathematics+mmlu/high_school_world_history+mmlu/philosophy+mmlu_ZH_CN/college_mathematics+mmlu_ZH_CN/high_school_world_history"", ""pools"": ""mmlu/high_school_world_history"", ""sem"": ""homog""}",real,/pscratch/sd/y/yufeid/workspace/andrewy/a2av_test_matrices/generated/w16x4_trace-23b398_b1_k8_id001.routing.txt,d006b9f60a293e89ee60cdbacc302ed67211b093941881985444f0756caf83f7,1,1048576,8,128,4096,8192,bfloat16,16,4,4,cxi,,,10,5,8,0,"{""CUDA_DEVICE_MAX_CONNECTIONS"": ""32"", ""FLUX_A2AV_EARLY_LAUNCH"": ""1"", ""FLUX_A2AV_FUSED_STAGE2"": ""1"", ""FLUX_A2AV_LB_UNION"": ""1"", ""FLUX_A2AV_RS_BUCKET"": ""1"", ""FLUX_A2AV_RS_EAGER"": ""0"", ""FLUX_A2AV_RS_FUSED_PACK"": ""1"", ""FLUX_A2AV_RS_MSPLIT"": ""1"", ""FLUX_A2AV_RS_PACK_BLOCKS"": ""10"", ""FLUX_A2AV_RS_PRERED_BLOCKS"": ""6"", ""FLUX_A2AV_RS_REDUCE_BLOCKS"": ""8"", ""FLUX_A2AV_RS_WIRE_STREAMS"": ""16"", ""FLUX_A2AV_WAVE_PACK"": ""1"", ""FLUX_EXTRA_TORCHRUN_ARGS"": ""--redirects 3 --log-dir /pscratch/sd/y/yufeid/workspace/andrewy/sweep_data/20260831-152556_perlmutter_ca523dcb/cells/ours_l01_s1_pv2_r2_trace-de6e6f_b1_k8_isolated/torchrun"", ""FLUX_OURS_PLAN_GRAPH"": ""1"", ""FLUX_OURS_PLAN_SCALE_GRAPH"": ""1"", ""FLUX_SWEEP_ISOLATED_ITERS"": ""1"", ""FLUX_SWEEP_RECORD_DIR"": ""/pscratch/sd/y/yufeid/workspace/andrewy/sweep_data/20260831-152556_perlmutter_ca523dcb/cells/ours_l01_s1_pv2_r2_trace-de6e6f_b1_k8_isolated/records"", ""FLUX_TEST_DETERMINISTIC"": ""0"", ""NVSHMEM_SYMMETRIC_SIZE"": ""6G""}",98eb2c8095445afaf08fdc5cadd21b177b8ef1ac,1,,,,,,0,2026-08-31T15:32:56Z,2026-08-31T15:33:26Z,/pscratch/sd/y/yufeid/workspace/andrewy/sweep_data/20260831-152556_perlmutter_ca523dcb/cells/ours_l01_s1_pv2_r2_trace-de6e6f_b1_k8_isolated,,,"hetoracle 8.31: Qwen 4n b1-b64 isolated, mixed 6-topic oracle (opool mix6), per-topic homog eval, mean-over-topics scenario",,,,,,l01,,per_iter_gpu,,,,,qwen3,1536,,73.858
20260831-152556_perlmutter_ca523dcb,ours_l01_s1_pv2_r2_trace-de6e6f_b2_k8_isolated,ok,perlmutter,ours_l01_s1_pv2_r2,ours_l01,isolated,w16x4_trace-7a8109_b2_k8_id001,/pscratch/sd/y/yufeid/workspace/andrewy/a2av_test_matrices/generated/w16x4_trace-7a8109_b2_k8_id001.txt,929f8412b793eccd4027b225e3a9642fc9cc19654c9776ce3daa5f77dc505dde,trace,"{""dslots"": ""64:32"", ""layer"": 5, ""model"": ""Qwen3-235B"", ""opool"": ""livecodebench/execution+mmlu/college_mathematics+mmlu/high_school_world_history+mmlu/philosophy+mmlu_ZH_CN/college_mathematics+mmlu_ZH_CN/high_school_world_history"", ""pools"": ""mmlu/high_school_world_history"", ""sem"": ""homog""}",real,/pscratch/sd/y/yufeid/workspace/andrewy/a2av_test_matrices/generated/w16x4_trace-7a8109_b2_k8_id001.routing.txt,f8516a01ac48316cda345e9df4c0d0d3728550c7e6c3d6ccec9c3197c16d2ab0,2,2097152,8,128,4096,8192,bfloat16,16,4,4,cxi,,,10,5,8,0,"{""CUDA_DEVICE_MAX_CONNECTIONS"": ""32"", ""FLUX_A2AV_EARLY_LAUNCH"": ""1"", ""FLUX_A2AV_FUSED_STAGE2"": ""1"", ""FLUX_A2AV_LB_UNION"": ""1"", ""FLUX_A2AV_RS_BUCKET"": ""1"", ""FLUX_A2AV_RS_EAGER"": ""0"", ""FLUX_A2AV_RS_FUSED_PACK"": ""1"", ""FLUX_A2AV_RS_MSPLIT"": ""1"", ""FLUX_A2AV_RS_PACK_BLOCKS"": ""10"", ""FLUX_A2AV_RS_PRERED_BLOCKS"": ""6"", ""FLUX_A2AV_RS_REDUCE_BLOCKS"": ""8"", ""FLUX_A2AV_RS_WIRE_STREAMS"": ""16"", ""FLUX_A2AV_WAVE_PACK"": ""1"", ""FLUX_EXTRA_TORCHRUN_ARGS"": ""--redirects 3 --log-dir /pscratch/sd/y/yufeid/workspace/andrewy/sweep_data/20260831-152556_perlmutter_ca523dcb/cells/ours_l01_s1_pv2_r2_trace-de6e6f_b2_k8_isolated/torchrun"", ""FLUX_OURS_PLAN_GRAPH"": ""1"", ""FLUX_OURS_PLAN_SCALE_GRAPH"": ""1"", ""FLUX_SWEEP_ISOLATED_ITERS"": ""1"", ""FLUX_SWEEP_RECORD_DIR"": ""/pscratch/sd/y/yufeid/workspace/andrewy/sweep_data/20260831-152556_perlmutter_ca523dcb/cells/ours_l01_s1_pv2_r2_trace-de6e6f_b2_k8_isolated/records"", ""FLUX_TEST_DETERMINISTIC"": ""0"", ""NVSHMEM_SYMMETRIC_SIZE"": ""6G""}",98eb2c8095445afaf08fdc5cadd21b177b8ef1ac,1,,,,,,0,2026-08-31T15:33:26Z,2026-08-31T15:33:57Z,/pscratch/sd/y/yufeid/workspace/andrewy/sweep_data/20260831-152556_perlmutter_ca523dcb/cells/ours_l01_s1_pv2_r2_trace-de6e6f_b2_k8_isolated,,,"hetoracle 8.31: Qwen 4n b1-b64 isolated, mixed 6-topic oracle (opool mix6), per-topic homog eval, mean-over-topics scenario",,,,,,l01,,per_iter_gpu,,,,,qwen3,1536,,77.003
20260831-152556_perlmutter_ca523dcb,ours_l01_s1_pv2_r2_trace-de6e6f_b4_k8_isolated,ok,perlmutter,ours_l01_s1_pv2_r2,ours_l01,isolated,w16x4_trace-6b0c0b_b4_k8_id001,/pscratch/sd/y/yufeid/workspace/andrewy/a2av_test_matrices/generated/w16x4_trace-6b0c0b_b4_k8_id001.txt,4fbd311fcd32cfa1a18049c0d52f82c48d53cc4a6200b9af892669e150352396,trace,"{""dslots"": ""64:32"", ""layer"": 5, ""model"": ""Qwen3-235B"", ""opool"": ""livecodebench/execution+mmlu/college_mathematics+mmlu/high_school_world_history+mmlu/philosophy+mmlu_ZH_CN/college_mathematics+mmlu_ZH_CN/high_school_world_history"", ""pools"": ""mmlu/high_school_world_history"", ""sem"": ""homog""}",real,/pscratch/sd/y/yufeid/workspace/andrewy/a2av_test_matrices/generated/w16x4_trace-6b0c0b_b4_k8_id001.routing.txt,1cc4ac5dcc1141d58af7222f951e1770762e67966db8cf2bc597cb177521c749,4,4194304,8,128,4096,8192,bfloat16,16,4,4,cxi,,,10,5,8,0,"{""CUDA_DEVICE_MAX_CONNECTIONS"": ""32"", ""FLUX_A2AV_EARLY_LAUNCH"": ""1"", ""FLUX_A2AV_FUSED_STAGE2"": ""1"", ""FLUX_A2AV_LB_UNION"": ""1"", ""FLUX_A2AV_RS_BUCKET"": ""1"", ""FLUX_A2AV_RS_EAGER"": ""0"", ""FLUX_A2AV_RS_FUSED_PACK"": ""1"", ""FLUX_A2AV_RS_MSPLIT"": ""1"", ""FLUX_A2AV_RS_PACK_BLOCKS"": ""10"", ""FLUX_A2AV_RS_PRERED_BLOCKS"": ""6"", ""FLUX_A2AV_RS_REDUCE_BLOCKS"": ""8"", ""FLUX_A2AV_RS_WIRE_STREAMS"": ""16"", ""FLUX_A2AV_WAVE_PACK"": ""1"", ""FLUX_EXTRA_TORCHRUN_ARGS"": ""--redirects 3 --log-dir /pscratch/sd/y/yufeid/workspace/andrewy/sweep_data/20260831-152556_perlmutter_ca523dcb/cells/ours_l01_s1_pv2_r2_trace-de6e6f_b4_k8_isolated/torchrun"", ""FLUX_OURS_PLAN_GRAPH"": ""1"", ""FLUX_OURS_PLAN_SCALE_GRAPH"": ""1"", ""FLUX_SWEEP_ISOLATED_ITERS"": ""1"", ""FLUX_SWEEP_RECORD_DIR"": ""/pscratch/sd/y/yufeid/workspace/andrewy/sweep_data/20260831-152556_perlmutter_ca523dcb/cells/ours_l01_s1_pv2_r2_trace-de6e6f_b4_k8_isolated/records"", ""FLUX_TEST_DETERMINISTIC"": ""0"", ""NVSHMEM_SYMMETRIC_SIZE"": ""6G""}",98eb2c8095445afaf08fdc5cadd21b177b8ef1ac,1,,,,,,0,2026-08-31T15:33:57Z,2026-08-31T15:34:28Z,/pscratch/sd/y/yufeid/workspace/andrewy/sweep_data/20260831-152556_perlmutter_ca523dcb/cells/ours_l01_s1_pv2_r2_trace-de6e6f_b4_k8_isolated,,,"hetoracle 8.31: Qwen 4n b1-b64 isolated, mixed 6-topic oracle (opool mix6), per-topic homog eval, mean-over-topics scenario",,,,,,l01,,per_iter_gpu,,,,,qwen3,1536,,75.919
20260831-152556_perlmutter_ca523dcb,ours_l01_s1_pv2_r2_trace-de6e6f_b8_k8_isolated,ok,perlmutter,ours_l01_s1_pv2_r2,ours_l01,isolated,w16x4_trace-e0ec0f_b8_k8_id001,/pscratch/sd/y/yufeid/workspace/andrewy/a2av_test_matrices/generated/w16x4_trace-e0ec0f_b8_k8_id001.txt,5683b4c71a1417f81e6918fddacb8961c80959a90ed550fdba4882b890cd4e11,trace,"{""dslots"": ""64:32"", ""layer"": 5, ""model"": ""Qwen3-235B"", ""opool"": ""livecodebench/execution+mmlu/college_mathematics+mmlu/high_school_world_history+mmlu/philosophy+mmlu_ZH_CN/college_mathematics+mmlu_ZH_CN/high_school_world_history"", ""pools"": ""mmlu/high_school_world_history"", ""sem"": ""homog""}",real,/pscratch/sd/y/yufeid/workspace/andrewy/a2av_test_matrices/generated/w16x4_trace-e0ec0f_b8_k8_id001.routing.txt,3e5f6469f0a0c44e4dc821bef910155292394bb3dc7071d885224070cfddd26b,8,8388608,8,128,4096,8192,bfloat16,16,4,4,cxi,,,10,5,8,0,"{""CUDA_DEVICE_MAX_CONNECTIONS"": ""32"", ""FLUX_A2AV_EARLY_LAUNCH"": ""1"", ""FLUX_A2AV_FUSED_STAGE2"": ""1"", ""FLUX_A2AV_LB_UNION"": ""1"", ""FLUX_A2AV_RS_BUCKET"": ""1"", ""FLUX_A2AV_RS_EAGER"": ""0"", ""FLUX_A2AV_RS_FUSED_PACK"": ""1"", ""FLUX_A2AV_RS_MSPLIT"": ""1"", ""FLUX_A2AV_RS_PACK_BLOCKS"": ""10"", ""FLUX_A2AV_RS_PRERED_BLOCKS"": ""6"", ""FLUX_A2AV_RS_REDUCE_BLOCKS"": ""8"", ""FLUX_A2AV_RS_WIRE_STREAMS"": ""16"", ""FLUX_A2AV_WAVE_PACK"": ""1"", ""FLUX_EXTRA_TORCHRUN_ARGS"": ""--redirects 3 --log-dir /pscratch/sd/y/yufeid/workspace/andrewy/sweep_data/20260831-152556_perlmutter_ca523dcb/cells/ours_l01_s1_pv2_r2_trace-de6e6f_b8_k8_isolated/torchrun"", ""FLUX_OURS_PLAN_GRAPH"": ""1"", ""FLUX_OURS_PLAN_SCALE_GRAPH"": ""1"", ""FLUX_SWEEP_ISOLATED_ITERS"": ""1"", ""FLUX_SWEEP_RECORD_DIR"": ""/pscratch/sd/y/yufeid/workspace/andrewy/sweep_data/20260831-152556_perlmutter_ca523dcb/cells/ours_l01_s1_pv2_r2_trace-de6e6f_b8_k8_isolated/records"", ""FLUX_TEST_DETERMINISTIC"": ""0"", ""NVSHMEM_SYMMETRIC_SIZE"": ""6G""}",98eb2c8095445afaf08fdc5cadd21b177b8ef1ac,1,,,,,,0,2026-08-31T15:34:28Z,2026-08-31T15:34:58Z,/pscratch/sd/y/yufeid/workspace/andrewy/sweep_data/20260831-152556_perlmutter_ca523dcb/cells/ours_l01_s1_pv2_r2_trace-de6e6f_b8_k8_isolated,,,"hetoracle 8.31: Qwen 4n b1-b64 isolated, mixed 6-topic oracle (opool mix6), per-topic homog eval, mean-over-topics scenario",,,,,,l01,,per_iter_gpu,,,,,qwen3,1536,,75.838
20260831-152556_perlmutter_ca523dcb,ours_l01_s1_pv2_r2_trace-de6e6f_b16_k8_isolated,ok,perlmutter,ours_l01_s1_pv2_r2,ours_l01,isolated,w16x4_trace-430764_b16_k8_id001,/pscratch/sd/y/yufeid/workspace/andrewy/a2av_test_matrices/generated/w16x4_trace-430764_b16_k8_id001.txt,89620750eb64e2ab66bd0ad48ee807e723aa4e12a9e7060c57c2940380014705,trace,"{""dslots"": ""64:32"", ""layer"": 5, ""model"": ""Qwen3-235B"", ""opool"": ""livecodebench/execution+mmlu/college_mathematics+mmlu/high_school_world_history+mmlu/philosophy+mmlu_ZH_CN/college_mathematics+mmlu_ZH_CN/high_school_world_history"", ""pools"": ""mmlu/high_school_world_history"", ""sem"": ""homog""}",real,/pscratch/sd/y/yufeid/workspace/andrewy/a2av_test_matrices/generated/w16x4_trace-430764_b16_k8_id001.routing.txt,4b90952f8fa4c15d779d89bb715529d7fd309d912f46b4fd20035c10a72728cb,16,16777216,8,128,4096,8192,bfloat16,16,4,4,cxi,,,10,5,8,0,"{""CUDA_DEVICE_MAX_CONNECTIONS"": ""32"", ""FLUX_A2AV_EARLY_LAUNCH"": ""1"", ""FLUX_A2AV_FUSED_STAGE2"": ""1"", ""FLUX_A2AV_LB_UNION"": ""1"", ""FLUX_A2AV_RS_BUCKET"": ""1"", ""FLUX_A2AV_RS_EAGER"": ""0"", ""FLUX_A2AV_RS_FUSED_PACK"": ""1"", ""FLUX_A2AV_RS_MSPLIT"": ""1"", ""FLUX_A2AV_RS_PACK_BLOCKS"": ""10"", ""FLUX_A2AV_RS_PRERED_BLOCKS"": ""6"", ""FLUX_A2AV_RS_REDUCE_BLOCKS"": ""8"", ""FLUX_A2AV_RS_WIRE_STREAMS"": ""16"", ""FLUX_A2AV_WAVE_PACK"": ""1"", ""FLUX_EXTRA_TORCHRUN_ARGS"": ""--redirects 3 --log-dir /pscratch/sd/y/yufeid/workspace/andrewy/sweep_data/20260831-152556_perlmutter_ca523dcb/cells/ours_l01_s1_pv2_r2_trace-de6e6f_b16_k8_isolated/torchrun"", ""FLUX_OURS_PLAN_GRAPH"": ""1"", ""FLUX_OURS_PLAN_SCALE_GRAPH"": ""1"", ""FLUX_SWEEP_ISOLATED_ITERS"": ""1"", ""FLUX_SWEEP_RECORD_DIR"": ""/pscratch/sd/y/yufeid/workspace/andrewy/sweep_data/20260831-152556_perlmutter_ca523dcb/cells/ours_l01_s1_pv2_r2_trace-de6e6f_b16_k8_isolated/records"", ""FLUX_TEST_DETERMINISTIC"": ""0"", ""NVSHMEM_SYMMETRIC_SIZE"": ""6G""}",98eb2c8095445afaf08fdc5cadd21b177b8ef1ac,1,,,,,,0,2026-08-31T15:34:58Z,2026-08-31T15:35:26Z,/pscratch/sd/y/yufeid/workspace/andrewy/sweep_data/20260831-152556_perlmutter_ca523dcb/cells/ours_l01_s1_pv2_r2_trace-de6e6f_b16_k8_isolated,,,"hetoracle 8.31: Qwen 4n b1-b64 isolated, mixed 6-topic oracle (opool mix6), per-topic homog eval, mean-over-topics scenario",,,,,,l01,,per_iter_gpu,,,,,qwen3,1536,,76.309
20260831-152556_perlmutter_ca523dcb,ours_l01_s1_pv2_r2_trace-de6e6f_b32_k8_isolated,ok,perlmutter,ours_l01_s1_pv2_r2,ours_l01,isolated,w16x4_trace-e9f452_b32_k8_id001,/pscratch/sd/y/yufeid/workspace/andrewy/a2av_test_matrices/generated/w16x4_trace-e9f452_b32_k8_id001.txt,23e144cb2765bf79038b57fe2a45c4537694b2928701f7eb25fced15719682c5,trace,"{""dslots"": ""64:32"", ""layer"": 5, ""model"": ""Qwen3-235B"", ""opool"": ""livecodebench/execution+mmlu/college_mathematics+mmlu/high_school_world_history+mmlu/philosophy+mmlu_ZH_CN/college_mathematics+mmlu_ZH_CN/high_school_world_history"", ""pools"": ""mmlu/high_school_world_history"", ""sem"": ""homog""}",real,/pscratch/sd/y/yufeid/workspace/andrewy/a2av_test_matrices/generated/w16x4_trace-e9f452_b32_k8_id001.routing.txt,32020c8b642826d0c3ac4bec59f70889e3a7c8d3c4907e4393090a98cbda4069,32,33554432,8,128,4096,8192,bfloat16,16,4,4,cxi,,,10,5,8,0,"{""CUDA_DEVICE_MAX_CONNECTIONS"": ""32"", ""FLUX_A2AV_EARLY_LAUNCH"": ""1"", ""FLUX_A2AV_FUSED_STAGE2"": ""1"", ""FLUX_A2AV_LB_UNION"": ""1"", ""FLUX_A2AV_RS_BUCKET"": ""1"", ""FLUX_A2AV_RS_EAGER"": ""0"", ""FLUX_A2AV_RS_FUSED_PACK"": ""1"", ""FLUX_A2AV_RS_MSPLIT"": ""1"", ""FLUX_A2AV_RS_PACK_BLOCKS"": ""10"", ""FLUX_A2AV_RS_PRERED_BLOCKS"": ""6"", ""FLUX_A2AV_RS_REDUCE_BLOCKS"": ""8"", ""FLUX_A2AV_RS_WIRE_STREAMS"": ""16"", ""FLUX_A2AV_WAVE_PACK"": ""1"", ""FLUX_EXTRA_TORCHRUN_ARGS"": ""--redirects 3 --log-dir /pscratch/sd/y/yufeid/workspace/andrewy/sweep_data/20260831-152556_perlmutter_ca523dcb/cells/ours_l01_s1_pv2_r2_trace-de6e6f_b32_k8_isolated/torchrun"", ""FLUX_OURS_PLAN_GRAPH"": ""1"", ""FLUX_OURS_PLAN_SCALE_GRAPH"": ""1"", ""FLUX_SWEEP_ISOLATED_ITERS"": ""1"", ""FLUX_SWEEP_RECORD_DIR"": ""/pscratch/sd/y/yufeid/workspace/andrewy/sweep_data/20260831-152556_perlmutter_ca523dcb/cells/ours_l01_s1_pv2_r2_trace-de6e6f_b32_k8_isolated/records"", ""FLUX_TEST_DETERMINISTIC"": ""0"", ""NVSHMEM_SYMMETRIC_SIZE"": ""7G""}",98eb2c8095445afaf08fdc5cadd21b177b8ef1ac,1,,,,,,0,2026-08-31T15:35:26Z,2026-08-31T15:35:55Z,/pscratch/sd/y/yufeid/workspace/andrewy/sweep_data/20260831-152556_perlmutter_ca523dcb/cells/ours_l01_s1_pv2_r2_trace-de6e6f_b32_k8_isolated,,,"hetoracle 8.31: Qwen 4n b1-b64 isolated, mixed 6-topic oracle (opool mix6), per-topic homog eval, mean-over-topics scenario",,,,,,l01,,per_iter_gpu,,,,,qwen3,1536,,74.895
20260831-152556_perlmutter_ca523dcb,ours_l01_s1_pv2_r2_trace-de6e6f_b64_k8_isolated,ok,perlmutter,ours_l01_s1_pv2_r2,ours_l01,isolated,w16x4_trace-32225d_b64_k8_id001,/pscratch/sd/y/yufeid/workspace/andrewy/a2av_test_matrices/generated/w16x4_trace-32225d_b64_k8_id001.txt,cab8dec7f4d87d68e8efb48ffe5d478f80cf3fa884512b4dbf50ac14bbd76235,trace,"{""dslots"": ""64:32"", ""layer"": 5, ""model"": ""Qwen3-235B"", ""opool"": ""livecodebench/execution+mmlu/college_mathematics+mmlu/high_school_world_history+mmlu/philosophy+mmlu_ZH_CN/college_mathematics+mmlu_ZH_CN/high_school_world_history"", ""pools"": ""mmlu/high_school_world_history"", ""sem"": ""homog""}",real,/pscratch/sd/y/yufeid/workspace/andrewy/a2av_test_matrices/generated/w16x4_trace-32225d_b64_k8_id001.routing.txt,a63f8df397f4567c21b9e7267d51f662a7eefc77b8f860f6184a94ae2ab92d2f,64,67108864,8,128,4096,8192,bfloat16,16,4,4,cxi,,,10,5,8,0,"{""CUDA_DEVICE_MAX_CONNECTIONS"": ""32"", ""FLUX_A2AV_EARLY_LAUNCH"": ""1"", ""FLUX_A2AV_FUSED_STAGE2"": ""1"", ""FLUX_A2AV_LB_UNION"": ""1"", ""FLUX_A2AV_RS_BUCKET"": ""1"", ""FLUX_A2AV_RS_EAGER"": ""0"", ""FLUX_A2AV_RS_FUSED_PACK"": ""1"", ""FLUX_A2AV_RS_MSPLIT"": ""1"", ""FLUX_A2AV_RS_PACK_BLOCKS"": ""10"", ""FLUX_A2AV_RS_PRERED_BLOCKS"": ""6"", ""FLUX_A2AV_RS_REDUCE_BLOCKS"": ""8"", ""FLUX_A2AV_RS_WIRE_STREAMS"": ""16"", ""FLUX_A2AV_WAVE_PACK"": ""1"", ""FLUX_EXTRA_TORCHRUN_ARGS"": ""--redirects 3 --log-dir /pscratch/sd/y/yufeid/workspace/andrewy/sweep_data/20260831-152556_perlmutter_ca523dcb/cells/ours_l01_s1_pv2_r2_trace-de6e6f_b64_k8_isolated/torchrun"", ""FLUX_OURS_PLAN_GRAPH"": ""1"", ""FLUX_OURS_PLAN_SCALE_GRAPH"": ""1"", ""FLUX_SWEEP_ISOLATED_ITERS"": ""1"", ""FLUX_SWEEP_RECORD_DIR"": ""/pscratch/sd/y/yufeid/workspace/andrewy/sweep_data/20260831-152556_perlmutter_ca523dcb/cells/ours_l01_s1_pv2_r2_trace-de6e6f_b64_k8_isolated/records"", ""FLUX_TEST_DETERMINISTIC"": ""0"", ""NVSHMEM_SYMMETRIC_SIZE"": ""13G""}",98eb2c8095445afaf08fdc5cadd21b177b8ef1ac,1,,,,,,0,2026-08-31T15:35:55Z,2026-08-31T15:36:27Z,/pscratch/sd/y/yufeid/workspace/andrewy/sweep_data/20260831-152556_perlmutter_ca523dcb/cells/ours_l01_s1_pv2_r2_trace-de6e6f_b64_k8_isolated,,,"hetoracle 8.31: Qwen 4n b1-b64 isolated, mixed 6-topic oracle (opool mix6), per-topic homog eval, mean-over-topics scenario",,,,,,l01,,per_iter_gpu,,,,,qwen3,1536,,75.352
20260831-152556_perlmutter_ca523dcb,ours_l01_s1_pv2_r2_trace-167bb9_b1_k8_isolated,ok,perlmutter,ours_l01_s1_pv2_r2,ours_l01,isolated,w16x4_trace-91d7d9_b1_k8_id001,/pscratch/sd/y/yufeid/workspace/andrewy/a2av_test_matrices/generated/w16x4_trace-91d7d9_b1_k8_id001.txt,806d517c494b967373c1029710a8fbc919785831fd54e49f026d0341589d1365,trace,"{""dslots"": ""64:32"", ""layer"": 5, ""model"": ""Qwen3-235B"", ""opool"": ""livecodebench/execution+mmlu/college_mathematics+mmlu/high_school_world_history+mmlu/philosophy+mmlu_ZH_CN/college_mathematics+mmlu_ZH_CN/high_school_world_history"", ""pools"": ""mmlu/philosophy"", ""sem"": ""homog""}",real,/pscratch/sd/y/yufeid/workspace/andrewy/a2av_test_matrices/generated/w16x4_trace-91d7d9_b1_k8_id001.routing.txt,dfda27429bb35049ef07e360fa33d15059743cd19004602e8b0cd1c97ff8ff66,1,1048576,8,128,4096,8192,bfloat16,16,4,4,cxi,,,10,5,8,0,"{""CUDA_DEVICE_MAX_CONNECTIONS"": ""32"", ""FLUX_A2AV_EARLY_LAUNCH"": ""1"", ""FLUX_A2AV_FUSED_STAGE2"": ""1"", ""FLUX_A2AV_LB_UNION"": ""1"", ""FLUX_A2AV_RS_BUCKET"": ""1"", ""FLUX_A2AV_RS_EAGER"": ""0"", ""FLUX_A2AV_RS_FUSED_PACK"": ""1"", ""FLUX_A2AV_RS_MSPLIT"": ""1"", ""FLUX_A2AV_RS_PACK_BLOCKS"": ""10"", ""FLUX_A2AV_RS_PRERED_BLOCKS"": ""6"", ""FLUX_A2AV_RS_REDUCE_BLOCKS"": ""8"", ""FLUX_A2AV_RS_WIRE_STREAMS"": ""16"", ""FLUX_A2AV_WAVE_PACK"": ""1"", ""FLUX_EXTRA_TORCHRUN_ARGS"": ""--redirects 3 --log-dir /pscratch/sd/y/yufeid/workspace/andrewy/sweep_data/20260831-152556_perlmutter_ca523dcb/cells/ours_l01_s1_pv2_r2_trace-167bb9_b1_k8_isolated/torchrun"", ""FLUX_OURS_PLAN_GRAPH"": ""1"", ""FLUX_OURS_PLAN_SCALE_GRAPH"": ""1"", ""FLUX_SWEEP_ISOLATED_ITERS"": ""1"", ""FLUX_SWEEP_RECORD_DIR"": ""/pscratch/sd/y/yufeid/workspace/andrewy/sweep_data/20260831-152556_perlmutter_ca523dcb/cells/ours_l01_s1_pv2_r2_trace-167bb9_b1_k8_isolated/records"", ""FLUX_TEST_DETERMINISTIC"": ""0"", ""NVSHMEM_SYMMETRIC_SIZE"": ""6G""}",98eb2c8095445afaf08fdc5cadd21b177b8ef1ac,1,,,,,,0,2026-08-31T15:36:27Z,2026-08-31T15:36:56Z,/pscratch/sd/y/yufeid/workspace/andrewy/sweep_data/20260831-152556_perlmutter_ca523dcb/cells/ours_l01_s1_pv2_r2_trace-167bb9_b1_k8_isolated,,,"hetoracle 8.31: Qwen 4n b1-b64 isolated, mixed 6-topic oracle (opool mix6), per-topic homog eval, mean-over-topics scenario",,,,,,l01,,per_iter_gpu,,,,,qwen3,1536,,77.463
20260831-152556_perlmutter_ca523dcb,ours_l01_s1_pv2_r2_trace-167bb9_b2_k8_isolated,ok,perlmutter,ours_l01_s1_pv2_r2,ours_l01,isolated,w16x4_trace-111aa8_b2_k8_id001,/pscratch/sd/y/yufeid/workspace/andrewy/a2av_test_matrices/generated/w16x4_trace-111aa8_b2_k8_id001.txt,81e2154c1c5fa52835c0874621acc3464381a46220cb96e959fefc7b0ce6d7f7,trace,"{""dslots"": ""64:32"", ""layer"": 5, ""model"": ""Qwen3-235B"", ""opool"": ""livecodebench/execution+mmlu/college_mathematics+mmlu/high_school_world_history+mmlu/philosophy+mmlu_ZH_CN/college_mathematics+mmlu_ZH_CN/high_school_world_history"", ""pools"": ""mmlu/philosophy"", ""sem"": ""homog""}",real,/pscratch/sd/y/yufeid/workspace/andrewy/a2av_test_matrices/generated/w16x4_trace-111aa8_b2_k8_id001.routing.txt,7b9f9692ea9f41aa2c7b8abfb03beb6a57b656a70c201e6065d990b64e29445d,2,2097152,8,128,4096,8192,bfloat16,16,4,4,cxi,,,10,5,8,0,"{""CUDA_DEVICE_MAX_CONNECTIONS"": ""32"", ""FLUX_A2AV_EARLY_LAUNCH"": ""1"", ""FLUX_A2AV_FUSED_STAGE2"": ""1"", ""FLUX_A2AV_LB_UNION"": ""1"", ""FLUX_A2AV_RS_BUCKET"": ""1"", ""FLUX_A2AV_RS_EAGER"": ""0"", ""FLUX_A2AV_RS_FUSED_PACK"": ""1"", ""FLUX_A2AV_RS_MSPLIT"": ""1"", ""FLUX_A2AV_RS_PACK_BLOCKS"": ""10"", ""FLUX_A2AV_RS_PRERED_BLOCKS"": ""6"", ""FLUX_A2AV_RS_REDUCE_BLOCKS"": ""8"", ""FLUX_A2AV_RS_WIRE_STREAMS"": ""16"", ""FLUX_A2AV_WAVE_PACK"": ""1"", ""FLUX_EXTRA_TORCHRUN_ARGS"": ""--redirects 3 --log-dir /pscratch/sd/y/yufeid/workspace/andrewy/sweep_data/20260831-152556_perlmutter_ca523dcb/cells/ours_l01_s1_pv2_r2_trace-167bb9_b2_k8_isolated/torchrun"", ""FLUX_OURS_PLAN_GRAPH"": ""1"", ""FLUX_OURS_PLAN_SCALE_GRAPH"": ""1"", ""FLUX_SWEEP_ISOLATED_ITERS"": ""1"", ""FLUX_SWEEP_RECORD_DIR"": ""/pscratch/sd/y/yufeid/workspace/andrewy/sweep_data/20260831-152556_perlmutter_ca523dcb/cells/ours_l01_s1_pv2_r2_trace-167bb9_b2_k8_isolated/records"", ""FLUX_TEST_DETERMINISTIC"": ""0"", ""NVSHMEM_SYMMETRIC_SIZE"": ""6G""}",98eb2c8095445afaf08fdc5cadd21b177b8ef1ac,1,,,,,,0,2026-08-31T15:36:56Z,2026-08-31T15:37:26Z,/pscratch/sd/y/yufeid/workspace/andrewy/sweep_data/20260831-152556_perlmutter_ca523dcb/cells/ours_l01_s1_pv2_r2_trace-167bb9_b2_k8_isolated,,,"hetoracle 8.31: Qwen 4n b1-b64 isolated, mixed 6-topic oracle (opool mix6), per-topic homog eval, mean-over-topics scenario",,,,,,l01,,per_iter_gpu,,,,,qwen3,1536,,76.11
20260831-152556_perlmutter_ca523dcb,ours_l01_s1_pv2_r2_trace-167bb9_b4_k8_isolated,ok,perlmutter,ours_l01_s1_pv2_r2,ours_l01,isolated,w16x4_trace-7534d6_b4_k8_id001,/pscratch/sd/y/yufeid/workspace/andrewy/a2av_test_matrices/generated/w16x4_trace-7534d6_b4_k8_id001.txt,5f9e2a19e07462ef8edf01c9b0529d20348c740cb39ad858ba6b28c4645636df,trace,"{""dslots"": ""64:32"", ""layer"": 5, ""model"": ""Qwen3-235B"", ""opool"": ""livecodebench/execution+mmlu/college_mathematics+mmlu/high_school_world_history+mmlu/philosophy+mmlu_ZH_CN/college_mathematics+mmlu_ZH_CN/high_school_world_history"", ""pools"": ""mmlu/philosophy"", ""sem"": ""homog""}",real,/pscratch/sd/y/yufeid/workspace/andrewy/a2av_test_matrices/generated/w16x4_trace-7534d6_b4_k8_id001.routing.txt,f5458e6be4079aa483939ee9242fb64896aefd17401ebe8bcc8949ddb9d76fa3,4,4194304,8,128,4096,8192,bfloat16,16,4,4,cxi,,,10,5,8,0,"{""CUDA_DEVICE_MAX_CONNECTIONS"": ""32"", ""FLUX_A2AV_EARLY_LAUNCH"": ""1"", ""FLUX_A2AV_FUSED_STAGE2"": ""1"", ""FLUX_A2AV_LB_UNION"": ""1"", ""FLUX_A2AV_RS_BUCKET"": ""1"", ""FLUX_A2AV_RS_EAGER"": ""0"", ""FLUX_A2AV_RS_FUSED_PACK"": ""1"", ""FLUX_A2AV_RS_MSPLIT"": ""1"", ""FLUX_A2AV_RS_PACK_BLOCKS"": ""10"", ""FLUX_A2AV_RS_PRERED_BLOCKS"": ""6"", ""FLUX_A2AV_RS_REDUCE_BLOCKS"": ""8"", ""FLUX_A2AV_RS_WIRE_STREAMS"": ""16"", ""FLUX_A2AV_WAVE_PACK"": ""1"", ""FLUX_EXTRA_TORCHRUN_ARGS"": ""--redirects 3 --log-dir /pscratch/sd/y/yufeid/workspace/andrewy/sweep_data/20260831-152556_perlmutter_ca523dcb/cells/ours_l01_s1_pv2_r2_trace-167bb9_b4_k8_isolated/torchrun"", ""FLUX_OURS_PLAN_GRAPH"": ""1"", ""FLUX_OURS_PLAN_SCALE_GRAPH"": ""1"", ""FLUX_SWEEP_ISOLATED_ITERS"": ""1"", ""FLUX_SWEEP_RECORD_DIR"": ""/pscratch/sd/y/yufeid/workspace/andrewy/sweep_data/20260831-152556_perlmutter_ca523dcb/cells/ours_l01_s1_pv2_r2_trace-167bb9_b4_k8_isolated/records"", ""FLUX_TEST_DETERMINISTIC"": ""0"", ""NVSHMEM_SYMMETRIC_SIZE"": ""6G""}",98eb2c8095445afaf08fdc5cadd21b177b8ef1ac,1,,,,,,0,2026-08-31T15:37:26Z,2026-08-31T15:37:54Z,/pscratch/sd/y/yufeid/workspace/andrewy/sweep_data/20260831-152556_perlmutter_ca523dcb/cells/ours_l01_s1_pv2_r2_trace-167bb9_b4_k8_isolated,,,"hetoracle 8.31: Qwen 4n b1-b64 isolated, mixed 6-topic oracle (opool mix6), per-topic homog eval, mean-over-topics scenario",,,,,,l01,,per_iter_gpu,,,,,qwen3,1536,,74.648
20260831-152556_perlmutter_ca523dcb,ours_l01_s1_pv2_r2_trace-167bb9_b8_k8_isolated,ok,perlmutter,ours_l01_s1_pv2_r2,ours_l01,isolated,w16x4_trace-40c5ca_b8_k8_id001,/pscratch/sd/y/yufeid/workspace/andrewy/a2av_test_matrices/generated/w16x4_trace-40c5ca_b8_k8_id001.txt,1ff8b1dd92bd003e29c2131583d44aa5ddf11c4fa7ab119d5471574db828260b,trace,"{""dslots"": ""64:32"", ""layer"": 5, ""model"": ""Qwen3-235B"", ""opool"": ""livecodebench/execution+mmlu/college_mathematics+mmlu/high_school_world_history+mmlu/philosophy+mmlu_ZH_CN/college_mathematics+mmlu_ZH_CN/high_school_world_history"", ""pools"": ""mmlu/philosophy"", ""sem"": ""homog""}",real,/pscratch/sd/y/yufeid/workspace/andrewy/a2av_test_matrices/generated/w16x4_trace-40c5ca_b8_k8_id001.routing.txt,852f8e21461ea3d4a584951a5192e288263fe26043aeefb4a0cf1642f8260b29,8,8388608,8,128,4096,8192,bfloat16,16,4,4,cxi,,,10,5,8,0,"{""CUDA_DEVICE_MAX_CONNECTIONS"": ""32"", ""FLUX_A2AV_EARLY_LAUNCH"": ""1"", ""FLUX_A2AV_FUSED_STAGE2"": ""1"", ""FLUX_A2AV_LB_UNION"": ""1"", ""FLUX_A2AV_RS_BUCKET"": ""1"", ""FLUX_A2AV_RS_EAGER"": ""0"", ""FLUX_A2AV_RS_FUSED_PACK"": ""1"", ""FLUX_A2AV_RS_MSPLIT"": ""1"", ""FLUX_A2AV_RS_PACK_BLOCKS"": ""10"", ""FLUX_A2AV_RS_PRERED_BLOCKS"": ""6"", ""FLUX_A2AV_RS_REDUCE_BLOCKS"": ""8"", ""FLUX_A2AV_RS_WIRE_STREAMS"": ""16"", ""FLUX_A2AV_WAVE_PACK"": ""1"", ""FLUX_EXTRA_TORCHRUN_ARGS"": ""--redirects 3 --log-dir /pscratch/sd/y/yufeid/workspace/andrewy/sweep_data/20260831-152556_perlmutter_ca523dcb/cells/ours_l01_s1_pv2_r2_trace-167bb9_b8_k8_isolated/torchrun"", ""FLUX_OURS_PLAN_GRAPH"": ""1"", ""FLUX_OURS_PLAN_SCALE_GRAPH"": ""1"", ""FLUX_SWEEP_ISOLATED_ITERS"": ""1"", ""FLUX_SWEEP_RECORD_DIR"": ""/pscratch/sd/y/yufeid/workspace/andrewy/sweep_data/20260831-152556_perlmutter_ca523dcb/cells/ours_l01_s1_pv2_r2_trace-167bb9_b8_k8_isolated/records"", ""FLUX_TEST_DETERMINISTIC"": ""0"", ""NVSHMEM_SYMMETRIC_SIZE"": ""6G""}",98eb2c8095445afaf08fdc5cadd21b177b8ef1ac,1,,,,,,0,2026-08-31T15:37:54Z,2026-08-31T15:38:26Z,/pscratch/sd/y/yufeid/workspace/andrewy/sweep_data/20260831-152556_perlmutter_ca523dcb/cells/ours_l01_s1_pv2_r2_trace-167bb9_b8_k8_isolated,,,"hetoracle 8.31: Qwen 4n b1-b64 isolated, mixed 6-topic oracle (opool mix6), per-topic homog eval, mean-over-topics scenario",,,,,,l01,,per_iter_gpu,,,,,qwen3,1536,,75.074
20260831-152556_perlmutter_ca523dcb,ours_l01_s1_pv2_r2_trace-167bb9_b16_k8_isolated,ok,perlmutter,ours_l01_s1_pv2_r2,ours_l01,isolated,w16x4_trace-804a07_b16_k8_id001,/pscratch/sd/y/yufeid/workspace/andrewy/a2av_test_matrices/generated/w16x4_trace-804a07_b16_k8_id001.txt,2f6b4dcf755f364ee62dd2ef3ac6eb1152beea5c76ab9caa660ab4739fb6dc2e,trace,"{""dslots"": ""64:32"", ""layer"": 5, ""model"": ""Qwen3-235B"", ""opool"": ""livecodebench/execution+mmlu/college_mathematics+mmlu/high_school_world_history+mmlu/philosophy+mmlu_ZH_CN/college_mathematics+mmlu_ZH_CN/high_school_world_history"", ""pools"": ""mmlu/philosophy"", ""sem"": ""homog""}",real,/pscratch/sd/y/yufeid/workspace/andrewy/a2av_test_matrices/generated/w16x4_trace-804a07_b16_k8_id001.routing.txt,3fa006068535ca9cad50a5d41c4e928e025553afff42d218d5d6a66e238534ba,16,16777216,8,128,4096,8192,bfloat16,16,4,4,cxi,,,10,5,8,0,"{""CUDA_DEVICE_MAX_CONNECTIONS"": ""32"", ""FLUX_A2AV_EARLY_LAUNCH"": ""1"", ""FLUX_A2AV_FUSED_STAGE2"": ""1"", ""FLUX_A2AV_LB_UNION"": ""1"", ""FLUX_A2AV_RS_BUCKET"": ""1"", ""FLUX_A2AV_RS_EAGER"": ""0"", ""FLUX_A2AV_RS_FUSED_PACK"": ""1"", ""FLUX_A2AV_RS_MSPLIT"": ""1"", ""FLUX_A2AV_RS_PACK_BLOCKS"": ""10"", ""FLUX_A2AV_RS_PRERED_BLOCKS"": ""6"", ""FLUX_A2AV_RS_REDUCE_BLOCKS"": ""8"", ""FLUX_A2AV_RS_WIRE_STREAMS"": ""16"", ""FLUX_A2AV_WAVE_PACK"": ""1"", ""FLUX_EXTRA_TORCHRUN_ARGS"": ""--redirects 3 --log-dir /pscratch/sd/y/yufeid/workspace/andrewy/sweep_data/20260831-152556_perlmutter_ca523dcb/cells/ours_l01_s1_pv2_r2_trace-167bb9_b16_k8_isolated/torchrun"", ""FLUX_OURS_PLAN_GRAPH"": ""1"", ""FLUX_OURS_PLAN_SCALE_GRAPH"": ""1"", ""FLUX_SWEEP_ISOLATED_ITERS"": ""1"", ""FLUX_SWEEP_RECORD_DIR"": ""/pscratch/sd/y/yufeid/workspace/andrewy/sweep_data/20260831-152556_perlmutter_ca523dcb/cells/ours_l01_s1_pv2_r2_trace-167bb9_b16_k8_isolated/records"", ""FLUX_TEST_DETERMINISTIC"": ""0"", ""NVSHMEM_SYMMETRIC_SIZE"": ""6G""}",98eb2c8095445afaf08fdc5cadd21b177b8ef1ac,1,,,,,,0,2026-08-31T15:38:26Z,2026-08-31T15:38:57Z,/pscratch/sd/y/yufeid/workspace/andrewy/sweep_data/20260831-152556_perlmutter_ca523dcb/cells/ours_l01_s1_pv2_r2_trace-167bb9_b16_k8_isolated,,,"hetoracle 8.31: Qwen 4n b1-b64 isolated, mixed 6-topic oracle (opool mix6), per-topic homog eval, mean-over-topics scenario",,,,,,l01,,per_iter_gpu,,,,,qwen3,1536,,73.606
20260831-152556_perlmutter_ca523dcb,ours_l01_s1_pv2_r2_trace-167bb9_b32_k8_isolated,ok,perlmutter,ours_l01_s1_pv2_r2,ours_l01,isolated,w16x4_trace-abffb1_b32_k8_id001,/pscratch/sd/y/yufeid/workspace/andrewy/a2av_test_matrices/generated/w16x4_trace-abffb1_b32_k8_id001.txt,3bbfc84e7c0db22c6d28f21c2f42257909b7c8eb9676294dd01c06f4920b3cd3,trace,"{""dslots"": ""64:32"", ""layer"": 5, ""model"": ""Qwen3-235B"", ""opool"": ""livecodebench/execution+mmlu/college_mathematics+mmlu/high_school_world_history+mmlu/philosophy+mmlu_ZH_CN/college_mathematics+mmlu_ZH_CN/high_school_world_history"", ""pools"": ""mmlu/philosophy"", ""sem"": ""homog""}",real,/pscratch/sd/y/yufeid/workspace/andrewy/a2av_test_matrices/generated/w16x4_trace-abffb1_b32_k8_id001.routing.txt,1e1ac7095c47ece1be55127e76bd64dc1708ba16cc830dbe81e5cd379fae81ac,32,33554432,8,128,4096,8192,bfloat16,16,4,4,cxi,,,10,5,8,0,"{""CUDA_DEVICE_MAX_CONNECTIONS"": ""32"", ""FLUX_A2AV_EARLY_LAUNCH"": ""1"", ""FLUX_A2AV_FUSED_STAGE2"": ""1"", ""FLUX_A2AV_LB_UNION"": ""1"", ""FLUX_A2AV_RS_BUCKET"": ""1"", ""FLUX_A2AV_RS_EAGER"": ""0"", ""FLUX_A2AV_RS_FUSED_PACK"": ""1"", ""FLUX_A2AV_RS_MSPLIT"": ""1"", ""FLUX_A2AV_RS_PACK_BLOCKS"": ""10"", ""FLUX_A2AV_RS_PRERED_BLOCKS"": ""6"", ""FLUX_A2AV_RS_REDUCE_BLOCKS"": ""8"", ""FLUX_A2AV_RS_WIRE_STREAMS"": ""16"", ""FLUX_A2AV_WAVE_PACK"": ""1"", ""FLUX_EXTRA_TORCHRUN_ARGS"": ""--redirects 3 --log-dir /pscratch/sd/y/yufeid/workspace/andrewy/sweep_data/20260831-152556_perlmutter_ca523dcb/cells/ours_l01_s1_pv2_r2_trace-167bb9_b32_k8_isolated/torchrun"", ""FLUX_OURS_PLAN_GRAPH"": ""1"", ""FLUX_OURS_PLAN_SCALE_GRAPH"": ""1"", ""FLUX_SWEEP_ISOLATED_ITERS"": ""1"", ""FLUX_SWEEP_RECORD_DIR"": ""/pscratch/sd/y/yufeid/workspace/andrewy/sweep_data/20260831-152556_perlmutter_ca523dcb/cells/ours_l01_s1_pv2_r2_trace-167bb9_b32_k8_isolated/records"", ""FLUX_TEST_DETERMINISTIC"": ""0"", ""NVSHMEM_SYMMETRIC_SIZE"": ""7G""}",98eb2c8095445afaf08fdc5cadd21b177b8ef1ac,1,,,,,,0,2026-08-31T15:38:57Z,2026-08-31T15:39:25Z,/pscratch/sd/y/yufeid/workspace/andrewy/sweep_data/20260831-152556_perlmutter_ca523dcb/cells/ours_l01_s1_pv2_r2_trace-167bb9_b32_k8_isolated,,,"hetoracle 8.31: Qwen 4n b1-b64 isolated, mixed 6-topic oracle (opool mix6), per-topic homog eval, mean-over-topics scenario",,,,,,l01,,per_iter_gpu,,,,,qwen3,1536,,72.653
20260831-152556_perlmutter_ca523dcb,ours_l01_s1_pv2_r2_trace-167bb9_b64_k8_isolated,ok,perlmutter,ours_l01_s1_pv2_r2,ours_l01,isolated,w16x4_trace-b34df2_b64_k8_id001,/pscratch/sd/y/yufeid/workspace/andrewy/a2av_test_matrices/generated/w16x4_trace-b34df2_b64_k8_id001.txt,5d2d63c70392c69114d71923aeb2dc2c3a6dc6c462ff82d399e1373b122dc296,trace,"{""dslots"": ""64:32"", ""layer"": 5, ""model"": ""Qwen3-235B"", ""opool"": ""livecodebench/execution+mmlu/college_mathematics+mmlu/high_school_world_history+mmlu/philosophy+mmlu_ZH_CN/college_mathematics+mmlu_ZH_CN/high_school_world_history"", ""pools"": ""mmlu/philosophy"", ""sem"": ""homog""}",real,/pscratch/sd/y/yufeid/workspace/andrewy/a2av_test_matrices/generated/w16x4_trace-b34df2_b64_k8_id001.routing.txt,b44e8b7c8051f0e813aa88208969ea51fd3184d22db41331fb2410949372ed1a,64,67108864,8,128,4096,8192,bfloat16,16,4,4,cxi,,,10,5,8,0,"{""CUDA_DEVICE_MAX_CONNECTIONS"": ""32"", ""FLUX_A2AV_EARLY_LAUNCH"": ""1"", ""FLUX_A2AV_FUSED_STAGE2"": ""1"", ""FLUX_A2AV_LB_UNION"": ""1"", ""FLUX_A2AV_RS_BUCKET"": ""1"", ""FLUX_A2AV_RS_EAGER"": ""0"", ""FLUX_A2AV_RS_FUSED_PACK"": ""1"", ""FLUX_A2AV_RS_MSPLIT"": ""1"", ""FLUX_A2AV_RS_PACK_BLOCKS"": ""10"", ""FLUX_A2AV_RS_PRERED_BLOCKS"": ""6"", ""FLUX_A2AV_RS_REDUCE_BLOCKS"": ""8"", ""FLUX_A2AV_RS_WIRE_STREAMS"": ""16"", ""FLUX_A2AV_WAVE_PACK"": ""1"", ""FLUX_EXTRA_TORCHRUN_ARGS"": ""--redirects 3 --log-dir /pscratch/sd/y/yufeid/workspace/andrewy/sweep_data/20260831-152556_perlmutter_ca523dcb/cells/ours_l01_s1_pv2_r2_trace-167bb9_b64_k8_isolated/torchrun"", ""FLUX_OURS_PLAN_GRAPH"": ""1"", ""FLUX_OURS_PLAN_SCALE_GRAPH"": ""1"", ""FLUX_SWEEP_ISOLATED_ITERS"": ""1"", ""FLUX_SWEEP_RECORD_DIR"": ""/pscratch/sd/y/yufeid/workspace/andrewy/sweep_data/20260831-152556_perlmutter_ca523dcb/cells/ours_l01_s1_pv2_r2_trace-167bb9_b64_k8_isolated/records"", ""FLUX_TEST_DETERMINISTIC"": ""0"", ""NVSHMEM_SYMMETRIC_SIZE"": ""13G""}",98eb2c8095445afaf08fdc5cadd21b177b8ef1ac,1,,,,,,0,2026-08-31T15:39:25Z,2026-08-31T15:39:56Z,/pscratch/sd/y/yufeid/workspace/andrewy/sweep_data/20260831-152556_perlmutter_ca523dcb/cells/ours_l01_s1_pv2_r2_trace-167bb9_b64_k8_isolated,,,"hetoracle 8.31: Qwen 4n b1-b64 isolated, mixed 6-topic oracle (opool mix6), per-topic homog eval, mean-over-topics scenario",,,,,,l01,,per_iter_gpu,,,,,qwen3,1536,,72.504
20260831-152556_perlmutter_ca523dcb,ours_l01_s1_pv2_r2_trace-de443f_b1_k8_isolated,ok,perlmutter,ours_l01_s1_pv2_r2,ours_l01,isolated,w16x4_trace-e4c01c_b1_k8_id001,/pscratch/sd/y/yufeid/workspace/andrewy/a2av_test_matrices/generated/w16x4_trace-e4c01c_b1_k8_id001.txt,802bb6230bfe73c120e35e56af80d474e36db94348363e5ed9c5b2461b4fe2b3,trace,"{""dslots"": ""64:32"", ""layer"": 5, ""model"": ""Qwen3-235B"", ""opool"": ""livecodebench/execution+mmlu/college_mathematics+mmlu/high_school_world_history+mmlu/philosophy+mmlu_ZH_CN/college_mathematics+mmlu_ZH_CN/high_school_world_history"", ""pools"": ""mmlu_ZH_CN/college_mathematics"", ""sem"": ""homog""}",real,/pscratch/sd/y/yufeid/workspace/andrewy/a2av_test_matrices/generated/w16x4_trace-e4c01c_b1_k8_id001.routing.txt,8cf9fca24ad2b19f52a13fb6dedb73b4f509c65c1cef95d4d78669d2ca5f5bb3,1,1048576,8,128,4096,8192,bfloat16,16,4,4,cxi,,,10,5,8,0,"{""CUDA_DEVICE_MAX_CONNECTIONS"": ""32"", ""FLUX_A2AV_EARLY_LAUNCH"": ""1"", ""FLUX_A2AV_FUSED_STAGE2"": ""1"", ""FLUX_A2AV_LB_UNION"": ""1"", ""FLUX_A2AV_RS_BUCKET"": ""1"", ""FLUX_A2AV_RS_EAGER"": ""0"", ""FLUX_A2AV_RS_FUSED_PACK"": ""1"", ""FLUX_A2AV_RS_MSPLIT"": ""1"", ""FLUX_A2AV_RS_PACK_BLOCKS"": ""10"", ""FLUX_A2AV_RS_PRERED_BLOCKS"": ""6"", ""FLUX_A2AV_RS_REDUCE_BLOCKS"": ""8"", ""FLUX_A2AV_RS_WIRE_STREAMS"": ""16"", ""FLUX_A2AV_WAVE_PACK"": ""1"", ""FLUX_EXTRA_TORCHRUN_ARGS"": ""--redirects 3 --log-dir /pscratch/sd/y/yufeid/workspace/andrewy/sweep_data/20260831-152556_perlmutter_ca523dcb/cells/ours_l01_s1_pv2_r2_trace-de443f_b1_k8_isolated/torchrun"", ""FLUX_OURS_PLAN_GRAPH"": ""1"", ""FLUX_OURS_PLAN_SCALE_GRAPH"": ""1"", ""FLUX_SWEEP_ISOLATED_ITERS"": ""1"", ""FLUX_SWEEP_RECORD_DIR"": ""/pscratch/sd/y/yufeid/workspace/andrewy/sweep_data/20260831-152556_perlmutter_ca523dcb/cells/ours_l01_s1_pv2_r2_trace-de443f_b1_k8_isolated/records"", ""FLUX_TEST_DETERMINISTIC"": ""0"", ""NVSHMEM_SYMMETRIC_SIZE"": ""6G""}",98eb2c8095445afaf08fdc5cadd21b177b8ef1ac,1,,,,,,0,2026-08-31T15:39:56Z,2026-08-31T15:40:25Z,/pscratch/sd/y/yufeid/workspace/andrewy/sweep_data/20260831-152556_perlmutter_ca523dcb/cells/ours_l01_s1_pv2_r2_trace-de443f_b1_k8_isolated,,,"hetoracle 8.31: Qwen 4n b1-b64 isolated, mixed 6-topic oracle (opool mix6), per-topic homog eval, mean-over-topics scenario",,,,,,l01,,per_iter_gpu,,,,,qwen3,1536,,75.36
20260831-152556_perlmutter_ca523dcb,ours_l01_s1_pv2_r2_trace-de443f_b2_k8_isolated,ok,perlmutter,ours_l01_s1_pv2_r2,ours_l01,isolated,w16x4_trace-1f7e3d_b2_k8_id001,/pscratch/sd/y/yufeid/workspace/andrewy/a2av_test_matrices/generated/w16x4_trace-1f7e3d_b2_k8_id001.txt,68528ac4ec08d0c7d109421071794f2e0de2d97d01a4f90e9cceca31335c324e,trace,"{""dslots"": ""64:32"", ""layer"": 5, ""model"": ""Qwen3-235B"", ""opool"": ""livecodebench/execution+mmlu/college_mathematics+mmlu/high_school_world_history+mmlu/philosophy+mmlu_ZH_CN/college_mathematics+mmlu_ZH_CN/high_school_world_history"", ""pools"": ""mmlu_ZH_CN/college_mathematics"", ""sem"": ""homog""}",real,/pscratch/sd/y/yufeid/workspace/andrewy/a2av_test_matrices/generated/w16x4_trace-1f7e3d_b2_k8_id001.routing.txt,065f1a49da31fa95e4747426dc706970ed4694f19c0c314cd7cdfcb759ba056c,2,2097152,8,128,4096,8192,bfloat16,16,4,4,cxi,,,10,5,8,0,"{""CUDA_DEVICE_MAX_CONNECTIONS"": ""32"", ""FLUX_A2AV_EARLY_LAUNCH"": ""1"", ""FLUX_A2AV_FUSED_STAGE2"": ""1"", ""FLUX_A2AV_LB_UNION"": ""1"", ""FLUX_A2AV_RS_BUCKET"": ""1"", ""FLUX_A2AV_RS_EAGER"": ""0"", ""FLUX_A2AV_RS_FUSED_PACK"": ""1"", ""FLUX_A2AV_RS_MSPLIT"": ""1"", ""FLUX_A2AV_RS_PACK_BLOCKS"": ""10"", ""FLUX_A2AV_RS_PRERED_BLOCKS"": ""6"", ""FLUX_A2AV_RS_REDUCE_BLOCKS"": ""8"", ""FLUX_A2AV_RS_WIRE_STREAMS"": ""16"", ""FLUX_A2AV_WAVE_PACK"": ""1"", ""FLUX_EXTRA_TORCHRUN_ARGS"": ""--redirects 3 --log-dir /pscratch/sd/y/yufeid/workspace/andrewy/sweep_data/20260831-152556_perlmutter_ca523dcb/cells/ours_l01_s1_pv2_r2_trace-de443f_b2_k8_isolated/torchrun"", ""FLUX_OURS_PLAN_GRAPH"": ""1"", ""FLUX_OURS_PLAN_SCALE_GRAPH"": ""1"", ""FLUX_SWEEP_ISOLATED_ITERS"": ""1"", ""FLUX_SWEEP_RECORD_DIR"": ""/pscratch/sd/y/yufeid/workspace/andrewy/sweep_data/20260831-152556_perlmutter_ca523dcb/cells/ours_l01_s1_pv2_r2_trace-de443f_b2_k8_isolated/records"", ""FLUX_TEST_DETERMINISTIC"": ""0"", ""NVSHMEM_SYMMETRIC_SIZE"": ""6G""}",98eb2c8095445afaf08fdc5cadd21b177b8ef1ac,1,,,,,,0,2026-08-31T15:40:25Z,2026-08-31T15:40:55Z,/pscratch/sd/y/yufeid/workspace/andrewy/sweep_data/20260831-152556_perlmutter_ca523dcb/cells/ours_l01_s1_pv2_r2_trace-de443f_b2_k8_isolated,,,"hetoracle 8.31: Qwen 4n b1-b64 isolated, mixed 6-topic oracle (opool mix6), per-topic homog eval, mean-over-topics scenario",,,,,,l01,,per_iter_gpu,,,,,qwen3,1536,,74.978
20260831-152556_perlmutter_ca523dcb,ours_l01_s1_pv2_r2_trace-de443f_b4_k8_isolated,ok,perlmutter,ours_l01_s1_pv2_r2,ours_l01,isolated,w16x4_trace-a3d387_b4_k8_id001,/pscratch/sd/y/yufeid/workspace/andrewy/a2av_test_matrices/generated/w16x4_trace-a3d387_b4_k8_id001.txt,a68a714b70b7fd90bf67c07f2badbb990976b08a99625d7b10a344588c096522,trace,"{""dslots"": ""64:32"", ""layer"": 5, ""model"": ""Qwen3-235B"", ""opool"": ""livecodebench/execution+mmlu/college_mathematics+mmlu/high_school_world_history+mmlu/philosophy+mmlu_ZH_CN/college_mathematics+mmlu_ZH_CN/high_school_world_history"", ""pools"": ""mmlu_ZH_CN/college_mathematics"", ""sem"": ""homog""}",real,/pscratch/sd/y/yufeid/workspace/andrewy/a2av_test_matrices/generated/w16x4_trace-a3d387_b4_k8_id001.routing.txt,c4ae5041b6238e0ce0160a47bc445318778dbfb248d86a70ccf357f858a40702,4,4194304,8,128,4096,8192,bfloat16,16,4,4,cxi,,,10,5,8,0,"{""CUDA_DEVICE_MAX_CONNECTIONS"": ""32"", ""FLUX_A2AV_EARLY_LAUNCH"": ""1"", ""FLUX_A2AV_FUSED_STAGE2"": ""1"", ""FLUX_A2AV_LB_UNION"": ""1"", ""FLUX_A2AV_RS_BUCKET"": ""1"", ""FLUX_A2AV_RS_EAGER"": ""0"", ""FLUX_A2AV_RS_FUSED_PACK"": ""1"", ""FLUX_A2AV_RS_MSPLIT"": ""1"", ""FLUX_A2AV_RS_PACK_BLOCKS"": ""10"", ""FLUX_A2AV_RS_PRERED_BLOCKS"": ""6"", ""FLUX_A2AV_RS_REDUCE_BLOCKS"": ""8"", ""FLUX_A2AV_RS_WIRE_STREAMS"": ""16"", ""FLUX_A2AV_WAVE_PACK"": ""1"", ""FLUX_EXTRA_TORCHRUN_ARGS"": ""--redirects 3 --log-dir /pscratch/sd/y/yufeid/workspace/andrewy/sweep_data/20260831-152556_perlmutter_ca523dcb/cells/ours_l01_s1_pv2_r2_trace-de443f_b4_k8_isolated/torchrun"", ""FLUX_OURS_PLAN_GRAPH"": ""1"", ""FLUX_OURS_PLAN_SCALE_GRAPH"": ""1"", ""FLUX_SWEEP_ISOLATED_ITERS"": ""1"", ""FLUX_SWEEP_RECORD_DIR"": ""/pscratch/sd/y/yufeid/workspace/andrewy/sweep_data/20260831-152556_perlmutter_ca523dcb/cells/ours_l01_s1_pv2_r2_trace-de443f_b4_k8_isolated/records"", ""FLUX_TEST_DETERMINISTIC"": ""0"", ""NVSHMEM_SYMMETRIC_SIZE"": ""6G""}",98eb2c8095445afaf08fdc5cadd21b177b8ef1ac,1,,,,,,0,2026-08-31T15:40:55Z,2026-08-31T15:41:24Z,/pscratch/sd/y/yufeid/workspace/andrewy/sweep_data/20260831-152556_perlmutter_ca523dcb/cells/ours_l01_s1_pv2_r2_trace-de443f_b4_k8_isolated,,,"hetoracle 8.31: Qwen 4n b1-b64 isolated, mixed 6-topic oracle (opool mix6), per-topic homog eval, mean-over-topics scenario",,,,,,l01,,per_iter_gpu,,,,,qwen3,1536,,85.545
20260831-152556_perlmutter_ca523dcb,ours_l01_s1_pv2_r2_trace-de443f_b8_k8_isolated,ok,perlmutter,ours_l01_s1_pv2_r2,ours_l01,isolated,w16x4_trace-c775b3_b8_k8_id001,/pscratch/sd/y/yufeid/workspace/andrewy/a2av_test_matrices/generated/w16x4_trace-c775b3_b8_k8_id001.txt,753fdce657222a51b7f56ae2cd316bf1952726d332ad8552ff340b21f03b28f7,trace,"{""dslots"": ""64:32"", ""layer"": 5, ""model"": ""Qwen3-235B"", ""opool"": ""livecodebench/execution+mmlu/college_mathematics+mmlu/high_school_world_history+mmlu/philosophy+mmlu_ZH_CN/college_mathematics+mmlu_ZH_CN/high_school_world_history"", ""pools"": ""mmlu_ZH_CN/college_mathematics"", ""sem"": ""homog""}",real,/pscratch/sd/y/yufeid/workspace/andrewy/a2av_test_matrices/generated/w16x4_trace-c775b3_b8_k8_id001.routing.txt,4e6061662cc59683945a7c24d90f64426635c6a074fec67e40d730d4dd8be7c3,8,8388608,8,128,4096,8192,bfloat16,16,4,4,cxi,,,10,5,8,0,"{""CUDA_DEVICE_MAX_CONNECTIONS"": ""32"", ""FLUX_A2AV_EARLY_LAUNCH"": ""1"", ""FLUX_A2AV_FUSED_STAGE2"": ""1"", ""FLUX_A2AV_LB_UNION"": ""1"", ""FLUX_A2AV_RS_BUCKET"": ""1"", ""FLUX_A2AV_RS_EAGER"": ""0"", ""FLUX_A2AV_RS_FUSED_PACK"": ""1"", ""FLUX_A2AV_RS_MSPLIT"": ""1"", ""FLUX_A2AV_RS_PACK_BLOCKS"": ""10"", ""FLUX_A2AV_RS_PRERED_BLOCKS"": ""6"", ""FLUX_A2AV_RS_REDUCE_BLOCKS"": ""8"", ""FLUX_A2AV_RS_WIRE_STREAMS"": ""16"", ""FLUX_A2AV_WAVE_PACK"": ""1"", ""FLUX_EXTRA_TORCHRUN_ARGS"": ""--redirects 3 --log-dir /pscratch/sd/y/yufeid/workspace/andrewy/sweep_data/20260831-152556_perlmutter_ca523dcb/cells/ours_l01_s1_pv2_r2_trace-de443f_b8_k8_isolated/torchrun"", ""FLUX_OURS_PLAN_GRAPH"": ""1"", ""FLUX_OURS_PLAN_SCALE_GRAPH"": ""1"", ""FLUX_SWEEP_ISOLATED_ITERS"": ""1"", ""FLUX_SWEEP_RECORD_DIR"": ""/pscratch/sd/y/yufeid/workspace/andrewy/sweep_data/20260831-152556_perlmutter_ca523dcb/cells/ours_l01_s1_pv2_r2_trace-de443f_b8_k8_isolated/records"", ""FLUX_TEST_DETERMINISTIC"": ""0"", ""NVSHMEM_SYMMETRIC_SIZE"": ""6G""}",98eb2c8095445afaf08fdc5cadd21b177b8ef1ac,1,,,,,,0,2026-08-31T15:41:24Z,2026-08-31T15:41:53Z,/pscratch/sd/y/yufeid/workspace/andrewy/sweep_data/20260831-152556_perlmutter_ca523dcb/cells/ours_l01_s1_pv2_r2_trace-de443f_b8_k8_isolated,,,"hetoracle 8.31: Qwen 4n b1-b64 isolated, mixed 6-topic oracle (opool mix6), per-topic homog eval, mean-over-topics scenario",,,,,,l01,,per_iter_gpu,,,,,qwen3,1536,,75.004
20260831-152556_perlmutter_ca523dcb,ours_l01_s1_pv2_r2_trace-de443f_b16_k8_isolated,ok,perlmutter,ours_l01_s1_pv2_r2,ours_l01,isolated,w16x4_trace-db2928_b16_k8_id001,/pscratch/sd/y/yufeid/workspace/andrewy/a2av_test_matrices/generated/w16x4_trace-db2928_b16_k8_id001.txt,7299b2cf03365a48631fce2e0d19addc63ef76143c5f63cd19826719b41b9efd,trace,"{""dslots"": ""64:32"", ""layer"": 5, ""model"": ""Qwen3-235B"", ""opool"": ""livecodebench/execution+mmlu/college_mathematics+mmlu/high_school_world_history+mmlu/philosophy+mmlu_ZH_CN/college_mathematics+mmlu_ZH_CN/high_school_world_history"", ""pools"": ""mmlu_ZH_CN/college_mathematics"", ""sem"": ""homog""}",real,/pscratch/sd/y/yufeid/workspace/andrewy/a2av_test_matrices/generated/w16x4_trace-db2928_b16_k8_id001.routing.txt,e8d070acafbe9bb630e30025cc4457ca672c8395ed7a00e45ec47cfd5f87833f,16,16777216,8,128,4096,8192,bfloat16,16,4,4,cxi,,,10,5,8,0,"{""CUDA_DEVICE_MAX_CONNECTIONS"": ""32"", ""FLUX_A2AV_EARLY_LAUNCH"": ""1"", ""FLUX_A2AV_FUSED_STAGE2"": ""1"", ""FLUX_A2AV_LB_UNION"": ""1"", ""FLUX_A2AV_RS_BUCKET"": ""1"", ""FLUX_A2AV_RS_EAGER"": ""0"", ""FLUX_A2AV_RS_FUSED_PACK"": ""1"", ""FLUX_A2AV_RS_MSPLIT"": ""1"", ""FLUX_A2AV_RS_PACK_BLOCKS"": ""10"", ""FLUX_A2AV_RS_PRERED_BLOCKS"": ""6"", ""FLUX_A2AV_RS_REDUCE_BLOCKS"": ""8"", ""FLUX_A2AV_RS_WIRE_STREAMS"": ""16"", ""FLUX_A2AV_WAVE_PACK"": ""1"", ""FLUX_EXTRA_TORCHRUN_ARGS"": ""--redirects 3 --log-dir /pscratch/sd/y/yufeid/workspace/andrewy/sweep_data/20260831-152556_perlmutter_ca523dcb/cells/ours_l01_s1_pv2_r2_trace-de443f_b16_k8_isolated/torchrun"", ""FLUX_OURS_PLAN_GRAPH"": ""1"", ""FLUX_OURS_PLAN_SCALE_GRAPH"": ""1"", ""FLUX_SWEEP_ISOLATED_ITERS"": ""1"", ""FLUX_SWEEP_RECORD_DIR"": ""/pscratch/sd/y/yufeid/workspace/andrewy/sweep_data/20260831-152556_perlmutter_ca523dcb/cells/ours_l01_s1_pv2_r2_trace-de443f_b16_k8_isolated/records"", ""FLUX_TEST_DETERMINISTIC"": ""0"", ""NVSHMEM_SYMMETRIC_SIZE"": ""6G""}",98eb2c8095445afaf08fdc5cadd21b177b8ef1ac,1,,,,,,0,2026-08-31T15:41:53Z,2026-08-31T15:42:21Z,/pscratch/sd/y/yufeid/workspace/andrewy/sweep_data/20260831-152556_perlmutter_ca523dcb/cells/ours_l01_s1_pv2_r2_trace-de443f_b16_k8_isolated,,,"hetoracle 8.31: Qwen 4n b1-b64 isolated, mixed 6-topic oracle (opool mix6), per-topic homog eval, mean-over-topics scenario",,,,,,l01,,per_iter_gpu,,,,,qwen3,1536,,74.492
20260831-152556_perlmutter_ca523dcb,ours_l01_s1_pv2_r2_trace-de443f_b32_k8_isolated,ok,perlmutter,ours_l01_s1_pv2_r2,ours_l01,isolated,w16x4_trace-fdd32e_b32_k8_id001,/pscratch/sd/y/yufeid/workspace/andrewy/a2av_test_matrices/generated/w16x4_trace-fdd32e_b32_k8_id001.txt,78b4985ff1e998b356fee86816e02fb83f3cf3e43220e3a25713a1acea530e36,trace,"{""dslots"": ""64:32"", ""layer"": 5, ""model"": ""Qwen3-235B"", ""opool"": ""livecodebench/execution+mmlu/college_mathematics+mmlu/high_school_world_history+mmlu/philosophy+mmlu_ZH_CN/college_mathematics+mmlu_ZH_CN/high_school_world_history"", ""pools"": ""mmlu_ZH_CN/college_mathematics"", ""sem"": ""homog""}",real,/pscratch/sd/y/yufeid/workspace/andrewy/a2av_test_matrices/generated/w16x4_trace-fdd32e_b32_k8_id001.routing.txt,d981a70a4e657fda59e3a701f860a8e66483eaef8ae9783b84826ddd899c4bba,32,33554432,8,128,4096,8192,bfloat16,16,4,4,cxi,,,10,5,8,0,"{""CUDA_DEVICE_MAX_CONNECTIONS"": ""32"", ""FLUX_A2AV_EARLY_LAUNCH"": ""1"", ""FLUX_A2AV_FUSED_STAGE2"": ""1"", ""FLUX_A2AV_LB_UNION"": ""1"", ""FLUX_A2AV_RS_BUCKET"": ""1"", ""FLUX_A2AV_RS_EAGER"": ""0"", ""FLUX_A2AV_RS_FUSED_PACK"": ""1"", ""FLUX_A2AV_RS_MSPLIT"": ""1"", ""FLUX_A2AV_RS_PACK_BLOCKS"": ""10"", ""FLUX_A2AV_RS_PRERED_BLOCKS"": ""6"", ""FLUX_A2AV_RS_REDUCE_BLOCKS"": ""8"", ""FLUX_A2AV_RS_WIRE_STREAMS"": ""16"", ""FLUX_A2AV_WAVE_PACK"": ""1"", ""FLUX_EXTRA_TORCHRUN_ARGS"": ""--redirects 3 --log-dir /pscratch/sd/y/yufeid/workspace/andrewy/sweep_data/20260831-152556_perlmutter_ca523dcb/cells/ours_l01_s1_pv2_r2_trace-de443f_b32_k8_isolated/torchrun"", ""FLUX_OURS_PLAN_GRAPH"": ""1"", ""FLUX_OURS_PLAN_SCALE_GRAPH"": ""1"", ""FLUX_SWEEP_ISOLATED_ITERS"": ""1"", ""FLUX_SWEEP_RECORD_DIR"": ""/pscratch/sd/y/yufeid/workspace/andrewy/sweep_data/20260831-152556_perlmutter_ca523dcb/cells/ours_l01_s1_pv2_r2_trace-de443f_b32_k8_isolated/records"", ""FLUX_TEST_DETERMINISTIC"": ""0"", ""NVSHMEM_SYMMETRIC_SIZE"": ""7G""}",98eb2c8095445afaf08fdc5cadd21b177b8ef1ac,1,,,,,,0,2026-08-31T15:42:21Z,2026-08-31T15:42:52Z,/pscratch/sd/y/yufeid/workspace/andrewy/sweep_data/20260831-152556_perlmutter_ca523dcb/cells/ours_l01_s1_pv2_r2_trace-de443f_b32_k8_isolated,,,"hetoracle 8.31: Qwen 4n b1-b64 isolated, mixed 6-topic oracle (opool mix6), per-topic homog eval, mean-over-topics scenario",,,,,,l01,,per_iter_gpu,,,,,qwen3,1536,,71.172
20260831-152556_perlmutter_ca523dcb,ours_l01_s1_pv2_r2_trace-de443f_b64_k8_isolated,ok,perlmutter,ours_l01_s1_pv2_r2,ours_l01,isolated,w16x4_trace-8a57b9_b64_k8_id001,/pscratch/sd/y/yufeid/workspace/andrewy/a2av_test_matrices/generated/w16x4_trace-8a57b9_b64_k8_id001.txt,e028b1d399cc7dce8f47092f3c682e19c71b96887d2c582336d93932188e65d1,trace,"{""dslots"": ""64:32"", ""layer"": 5, ""model"": ""Qwen3-235B"", ""opool"": ""livecodebench/execution+mmlu/college_mathematics+mmlu/high_school_world_history+mmlu/philosophy+mmlu_ZH_CN/college_mathematics+mmlu_ZH_CN/high_school_world_history"", ""pools"": ""mmlu_ZH_CN/college_mathematics"", ""sem"": ""homog""}",real,/pscratch/sd/y/yufeid/workspace/andrewy/a2av_test_matrices/generated/w16x4_trace-8a57b9_b64_k8_id001.routing.txt,68dceab4022a14c15d6fa016e5c9ca5152938473737e2bc4d7da4cdb80819b38,64,67108864,8,128,4096,8192,bfloat16,16,4,4,cxi,,,10,5,8,0,"{""CUDA_DEVICE_MAX_CONNECTIONS"": ""32"", ""FLUX_A2AV_EARLY_LAUNCH"": ""1"", ""FLUX_A2AV_FUSED_STAGE2"": ""1"", ""FLUX_A2AV_LB_UNION"": ""1"", ""FLUX_A2AV_RS_BUCKET"": ""1"", ""FLUX_A2AV_RS_EAGER"": ""0"", ""FLUX_A2AV_RS_FUSED_PACK"": ""1"", ""FLUX_A2AV_RS_MSPLIT"": ""1"", ""FLUX_A2AV_RS_PACK_BLOCKS"": ""10"", ""FLUX_A2AV_RS_PRERED_BLOCKS"": ""6"", ""FLUX_A2AV_RS_REDUCE_BLOCKS"": ""8"", ""FLUX_A2AV_RS_WIRE_STREAMS"": ""16"", ""FLUX_A2AV_WAVE_PACK"": ""1"", ""FLUX_EXTRA_TORCHRUN_ARGS"": ""--redirects 3 --log-dir /pscratch/sd/y/yufeid/workspace/andrewy/sweep_data/20260831-152556_perlmutter_ca523dcb/cells/ours_l01_s1_pv2_r2_trace-de443f_b64_k8_isolated/torchrun"", ""FLUX_OURS_PLAN_GRAPH"": ""1"", ""FLUX_OURS_PLAN_SCALE_GRAPH"": ""1"", ""FLUX_SWEEP_ISOLATED_ITERS"": ""1"", ""FLUX_SWEEP_RECORD_DIR"": ""/pscratch/sd/y/yufeid/workspace/andrewy/sweep_data/20260831-152556_perlmutter_ca523dcb/cells/ours_l01_s1_pv2_r2_trace-de443f_b64_k8_isolated/records"", ""FLUX_TEST_DETERMINISTIC"": ""0"", ""NVSHMEM_SYMMETRIC_SIZE"": ""13G""}",98eb2c8095445afaf08fdc5cadd21b177b8ef1ac,1,,,,,,0,2026-08-31T15:42:52Z,2026-08-31T15:43:28Z,/pscratch/sd/y/yufeid/workspace/andrewy/sweep_data/20260831-152556_perlmutter_ca523dcb/cells/ours_l01_s1_pv2_r2_trace-de443f_b64_k8_isolated,,,"hetoracle 8.31: Qwen 4n b1-b64 isolated, mixed 6-topic oracle (opool mix6), per-topic homog eval, mean-over-topics scenario",,,,,,l01,,per_iter_gpu,,,,,qwen3,1536,,73.401
20260831-152556_perlmutter_ca523dcb,ours_l01_s1_pv2_r2_trace-b31526_b1_k8_isolated,ok,perlmutter,ours_l01_s1_pv2_r2,ours_l01,isolated,w16x4_trace-2d2b6a_b1_k8_id001,/pscratch/sd/y/yufeid/workspace/andrewy/a2av_test_matrices/generated/w16x4_trace-2d2b6a_b1_k8_id001.txt,e65c441fda2f66053a5f671261e3f51b28f300e47c18df32f3b29a76fbea6192,trace,"{""dslots"": ""64:32"", ""layer"": 5, ""model"": ""Qwen3-235B"", ""opool"": ""livecodebench/execution+mmlu/college_mathematics+mmlu/high_school_world_history+mmlu/philosophy+mmlu_ZH_CN/college_mathematics+mmlu_ZH_CN/high_school_world_history"", ""pools"": ""mmlu_ZH_CN/high_school_world_history"", ""sem"": ""homog""}",real,/pscratch/sd/y/yufeid/workspace/andrewy/a2av_test_matrices/generated/w16x4_trace-2d2b6a_b1_k8_id001.routing.txt,b41db79f7cb2ec9ed8ae57c8a698221b453e47b30defc4b26b2db34efca82a06,1,1048576,8,128,4096,8192,bfloat16,16,4,4,cxi,,,10,5,8,0,"{""CUDA_DEVICE_MAX_CONNECTIONS"": ""32"", ""FLUX_A2AV_EARLY_LAUNCH"": ""1"", ""FLUX_A2AV_FUSED_STAGE2"": ""1"", ""FLUX_A2AV_LB_UNION"": ""1"", ""FLUX_A2AV_RS_BUCKET"": ""1"", ""FLUX_A2AV_RS_EAGER"": ""0"", ""FLUX_A2AV_RS_FUSED_PACK"": ""1"", ""FLUX_A2AV_RS_MSPLIT"": ""1"", ""FLUX_A2AV_RS_PACK_BLOCKS"": ""10"", ""FLUX_A2AV_RS_PRERED_BLOCKS"": ""6"", ""FLUX_A2AV_RS_REDUCE_BLOCKS"": ""8"", ""FLUX_A2AV_RS_WIRE_STREAMS"": ""16"", ""FLUX_A2AV_WAVE_PACK"": ""1"", ""FLUX_EXTRA_TORCHRUN_ARGS"": ""--redirects 3 --log-dir /pscratch/sd/y/yufeid/workspace/andrewy/sweep_data/20260831-152556_perlmutter_ca523dcb/cells/ours_l01_s1_pv2_r2_trace-b31526_b1_k8_isolated/torchrun"", ""FLUX_OURS_PLAN_GRAPH"": ""1"", ""FLUX_OURS_PLAN_SCALE_GRAPH"": ""1"", ""FLUX_SWEEP_ISOLATED_ITERS"": ""1"", ""FLUX_SWEEP_RECORD_DIR"": ""/pscratch/sd/y/yufeid/workspace/andrewy/sweep_data/20260831-152556_perlmutter_ca523dcb/cells/ours_l01_s1_pv2_r2_trace-b31526_b1_k8_isolated/records"", ""FLUX_TEST_DETERMINISTIC"": ""0"", ""NVSHMEM_SYMMETRIC_SIZE"": ""6G""}",98eb2c8095445afaf08fdc5cadd21b177b8ef1ac,1,,,,,,0,2026-08-31T15:43:28Z,2026-08-31T15:43:57Z,/pscratch/sd/y/yufeid/workspace/andrewy/sweep_data/20260831-152556_perlmutter_ca523dcb/cells/ours_l01_s1_pv2_r2_trace-b31526_b1_k8_isolated,,,"hetoracle 8.31: Qwen 4n b1-b64 isolated, mixed 6-topic oracle (opool mix6), per-topic homog eval, mean-over-topics scenario",,,,,,l01,,per_iter_gpu,,,,,qwen3,1536,,77.663
20260831-152556_perlmutter_ca523dcb,ours_l01_s1_pv2_r2_trace-b31526_b2_k8_isolated,ok,perlmutter,ours_l01_s1_pv2_r2,ours_l01,isolated,w16x4_trace-6e80bf_b2_k8_id001,/pscratch/sd/y/yufeid/workspace/andrewy/a2av_test_matrices/generated/w16x4_trace-6e80bf_b2_k8_id001.txt,8c9f129432e8d672b11e61195f9d7edbd3f174f9bfe4d748b6fcad2d8b9e0089,trace,"{""dslots"": ""64:32"", ""layer"": 5, ""model"": ""Qwen3-235B"", ""opool"": ""livecodebench/execution+mmlu/college_mathematics+mmlu/high_school_world_history+mmlu/philosophy+mmlu_ZH_CN/college_mathematics+mmlu_ZH_CN/high_school_world_history"", ""pools"": ""mmlu_ZH_CN/high_school_world_history"", ""sem"": ""homog""}",real,/pscratch/sd/y/yufeid/workspace/andrewy/a2av_test_matrices/generated/w16x4_trace-6e80bf_b2_k8_id001.routing.txt,a7ef739458c580fae89873639117a7b20e8aeaf88ec6bab932b638ada012d2f0,2,2097152,8,128,4096,8192,bfloat16,16,4,4,cxi,,,10,5,8,0,"{""CUDA_DEVICE_MAX_CONNECTIONS"": ""32"", ""FLUX_A2AV_EARLY_LAUNCH"": ""1"", ""FLUX_A2AV_FUSED_STAGE2"": ""1"", ""FLUX_A2AV_LB_UNION"": ""1"", ""FLUX_A2AV_RS_BUCKET"": ""1"", ""FLUX_A2AV_RS_EAGER"": ""0"", ""FLUX_A2AV_RS_FUSED_PACK"": ""1"", ""FLUX_A2AV_RS_MSPLIT"": ""1"", ""FLUX_A2AV_RS_PACK_BLOCKS"": ""10"", ""FLUX_A2AV_RS_PRERED_BLOCKS"": ""6"", ""FLUX_A2AV_RS_REDUCE_BLOCKS"": ""8"", ""FLUX_A2AV_RS_WIRE_STREAMS"": ""16"", ""FLUX_A2AV_WAVE_PACK"": ""1"", ""FLUX_EXTRA_TORCHRUN_ARGS"": ""--redirects 3 --log-dir /pscratch/sd/y/yufeid/workspace/andrewy/sweep_data/20260831-152556_perlmutter_ca523dcb/cells/ours_l01_s1_pv2_r2_trace-b31526_b2_k8_isolated/torchrun"", ""FLUX_OURS_PLAN_GRAPH"": ""1"", ""FLUX_OURS_PLAN_SCALE_GRAPH"": ""1"", ""FLUX_SWEEP_ISOLATED_ITERS"": ""1"", ""FLUX_SWEEP_RECORD_DIR"": ""/pscratch/sd/y/yufeid/workspace/andrewy/sweep_data/20260831-152556_perlmutter_ca523dcb/cells/ours_l01_s1_pv2_r2_trace-b31526_b2_k8_isolated/records"", ""FLUX_TEST_DETERMINISTIC"": ""0"", ""NVSHMEM_SYMMETRIC_SIZE"": ""6G""}",98eb2c8095445afaf08fdc5cadd21b177b8ef1ac,1,,,,,,0,2026-08-31T15:43:57Z,2026-08-31T15:44:25Z,/pscratch/sd/y/yufeid/workspace/andrewy/sweep_data/20260831-152556_perlmutter_ca523dcb/cells/ours_l01_s1_pv2_r2_trace-b31526_b2_k8_isolated,,,"hetoracle 8.31: Qwen 4n b1-b64 isolated, mixed 6-topic oracle (opool mix6), per-topic homog eval, mean-over-topics scenario",,,,,,l01,,per_iter_gpu,,,,,qwen3,1536,,75.79
20260831-152556_perlmutter_ca523dcb,ours_l01_s1_pv2_r2_trace-b31526_b4_k8_isolated,ok,perlmutter,ours_l01_s1_pv2_r2,ours_l01,isolated,w16x4_trace-1aecd5_b4_k8_id001,/pscratch/sd/y/yufeid/workspace/andrewy/a2av_test_matrices/generated/w16x4_trace-1aecd5_b4_k8_id001.txt,eb8d707a50918c175cfea3c1dd4a2c3bbdf6c058aa23bbe337191e09ac7b6b3d,trace,"{""dslots"": ""64:32"", ""layer"": 5, ""model"": ""Qwen3-235B"", ""opool"": ""livecodebench/execution+mmlu/college_mathematics+mmlu/high_school_world_history+mmlu/philosophy+mmlu_ZH_CN/college_mathematics+mmlu_ZH_CN/high_school_world_history"", ""pools"": ""mmlu_ZH_CN/high_school_world_history"", ""sem"": ""homog""}",real,/pscratch/sd/y/yufeid/workspace/andrewy/a2av_test_matrices/generated/w16x4_trace-1aecd5_b4_k8_id001.routing.txt,3d485f4e38b1262cbc9cf755e937a19f48446b8892616e12a6ebc73f6fe49cf6,4,4194304,8,128,4096,8192,bfloat16,16,4,4,cxi,,,10,5,8,0,"{""CUDA_DEVICE_MAX_CONNECTIONS"": ""32"", ""FLUX_A2AV_EARLY_LAUNCH"": ""1"", ""FLUX_A2AV_FUSED_STAGE2"": ""1"", ""FLUX_A2AV_LB_UNION"": ""1"", ""FLUX_A2AV_RS_BUCKET"": ""1"", ""FLUX_A2AV_RS_EAGER"": ""0"", ""FLUX_A2AV_RS_FUSED_PACK"": ""1"", ""FLUX_A2AV_RS_MSPLIT"": ""1"", ""FLUX_A2AV_RS_PACK_BLOCKS"": ""10"", ""FLUX_A2AV_RS_PRERED_BLOCKS"": ""6"", ""FLUX_A2AV_RS_REDUCE_BLOCKS"": ""8"", ""FLUX_A2AV_RS_WIRE_STREAMS"": ""16"", ""FLUX_A2AV_WAVE_PACK"": ""1"", ""FLUX_EXTRA_TORCHRUN_ARGS"": ""--redirects 3 --log-dir /pscratch/sd/y/yufeid/workspace/andrewy/sweep_data/20260831-152556_perlmutter_ca523dcb/cells/ours_l01_s1_pv2_r2_trace-b31526_b4_k8_isolated/torchrun"", ""FLUX_OURS_PLAN_GRAPH"": ""1"", ""FLUX_OURS_PLAN_SCALE_GRAPH"": ""1"", ""FLUX_SWEEP_ISOLATED_ITERS"": ""1"", ""FLUX_SWEEP_RECORD_DIR"": ""/pscratch/sd/y/yufeid/workspace/andrewy/sweep_data/20260831-152556_perlmutter_ca523dcb/cells/ours_l01_s1_pv2_r2_trace-b31526_b4_k8_isolated/records"", ""FLUX_TEST_DETERMINISTIC"": ""0"", ""NVSHMEM_SYMMETRIC_SIZE"": ""6G""}",98eb2c8095445afaf08fdc5cadd21b177b8ef1ac,1,,,,,,0,2026-08-31T15:44:25Z,2026-08-31T15:44:55Z,/pscratch/sd/y/yufeid/workspace/andrewy/sweep_data/20260831-152556_perlmutter_ca523dcb/cells/ours_l01_s1_pv2_r2_trace-b31526_b4_k8_isolated,,,"hetoracle 8.31: Qwen 4n b1-b64 isolated, mixed 6-topic oracle (opool mix6), per-topic homog eval, mean-over-topics scenario",,,,,,l01,,per_iter_gpu,,,,,qwen3,1536,,75.907
20260831-152556_perlmutter_ca523dcb,ours_l01_s1_pv2_r2_trace-b31526_b8_k8_isolated,ok,perlmutter,ours_l01_s1_pv2_r2,ours_l01,isolated,w16x4_trace-9a34f9_b8_k8_id001,/pscratch/sd/y/yufeid/workspace/andrewy/a2av_test_matrices/generated/w16x4_trace-9a34f9_b8_k8_id001.txt,a82d0f86b97d2f69bd8e08f835d25ef6cf74ed95165a16121ea418ab3a9f8dda,trace,"{""dslots"": ""64:32"", ""layer"": 5, ""model"": ""Qwen3-235B"", ""opool"": ""livecodebench/execution+mmlu/college_mathematics+mmlu/high_school_world_history+mmlu/philosophy+mmlu_ZH_CN/college_mathematics+mmlu_ZH_CN/high_school_world_history"", ""pools"": ""mmlu_ZH_CN/high_school_world_history"", ""sem"": ""homog""}",real,/pscratch/sd/y/yufeid/workspace/andrewy/a2av_test_matrices/generated/w16x4_trace-9a34f9_b8_k8_id001.routing.txt,6f70b67bf2b2f3ec5125542c205aa73acc30a2908e6f3b68631984c81fcf423a,8,8388608,8,128,4096,8192,bfloat16,16,4,4,cxi,,,10,5,8,0,"{""CUDA_DEVICE_MAX_CONNECTIONS"": ""32"", ""FLUX_A2AV_EARLY_LAUNCH"": ""1"", ""FLUX_A2AV_FUSED_STAGE2"": ""1"", ""FLUX_A2AV_LB_UNION"": ""1"", ""FLUX_A2AV_RS_BUCKET"": ""1"", ""FLUX_A2AV_RS_EAGER"": ""0"", ""FLUX_A2AV_RS_FUSED_PACK"": ""1"", ""FLUX_A2AV_RS_MSPLIT"": ""1"", ""FLUX_A2AV_RS_PACK_BLOCKS"": ""10"", ""FLUX_A2AV_RS_PRERED_BLOCKS"": ""6"", ""FLUX_A2AV_RS_REDUCE_BLOCKS"": ""8"", ""FLUX_A2AV_RS_WIRE_STREAMS"": ""16"", ""FLUX_A2AV_WAVE_PACK"": ""1"", ""FLUX_EXTRA_TORCHRUN_ARGS"": ""--redirects 3 --log-dir /pscratch/sd/y/yufeid/workspace/andrewy/sweep_data/20260831-152556_perlmutter_ca523dcb/cells/ours_l01_s1_pv2_r2_trace-b31526_b8_k8_isolated/torchrun"", ""FLUX_OURS_PLAN_GRAPH"": ""1"", ""FLUX_OURS_PLAN_SCALE_GRAPH"": ""1"", ""FLUX_SWEEP_ISOLATED_ITERS"": ""1"", ""FLUX_SWEEP_RECORD_DIR"": ""/pscratch/sd/y/yufeid/workspace/andrewy/sweep_data/20260831-152556_perlmutter_ca523dcb/cells/ours_l01_s1_pv2_r2_trace-b31526_b8_k8_isolated/records"", ""FLUX_TEST_DETERMINISTIC"": ""0"", ""NVSHMEM_SYMMETRIC_SIZE"": ""6G""}",98eb2c8095445afaf08fdc5cadd21b177b8ef1ac,1,,,,,,0,2026-08-31T15:44:55Z,2026-08-31T15:45:23Z,/pscratch/sd/y/yufeid/workspace/andrewy/sweep_data/20260831-152556_perlmutter_ca523dcb/cells/ours_l01_s1_pv2_r2_trace-b31526_b8_k8_isolated,,,"hetoracle 8.31: Qwen 4n b1-b64 isolated, mixed 6-topic oracle (opool mix6), per-topic homog eval, mean-over-topics scenario",,,,,,l01,,per_iter_gpu,,,,,qwen3,1536,,78.464
20260831-152556_perlmutter_ca523dcb,ours_l01_s1_pv2_r2_trace-b31526_b16_k8_isolated,ok,perlmutter,ours_l01_s1_pv2_r2,ours_l01,isolated,w16x4_trace-25086e_b16_k8_id001,/pscratch/sd/y/yufeid/workspace/andrewy/a2av_test_matrices/generated/w16x4_trace-25086e_b16_k8_id001.txt,c2acd2ab9f460629300f96d420b1671e9e4dbcc78ee12ebde69d45210e106ba4,trace,"{""dslots"": ""64:32"", ""layer"": 5, ""model"": ""Qwen3-235B"", ""opool"": ""livecodebench/execution+mmlu/college_mathematics+mmlu/high_school_world_history+mmlu/philosophy+mmlu_ZH_CN/college_mathematics+mmlu_ZH_CN/high_school_world_history"", ""pools"": ""mmlu_ZH_CN/high_school_world_history"", ""sem"": ""homog""}",real,/pscratch/sd/y/yufeid/workspace/andrewy/a2av_test_matrices/generated/w16x4_trace-25086e_b16_k8_id001.routing.txt,487577b10f0af9de9c1a00f4c4b20c7d11e79ea8000178f8d5b3111b47f59cc2,16,16777216,8,128,4096,8192,bfloat16,16,4,4,cxi,,,10,5,8,0,"{""CUDA_DEVICE_MAX_CONNECTIONS"": ""32"", ""FLUX_A2AV_EARLY_LAUNCH"": ""1"", ""FLUX_A2AV_FUSED_STAGE2"": ""1"", ""FLUX_A2AV_LB_UNION"": ""1"", ""FLUX_A2AV_RS_BUCKET"": ""1"", ""FLUX_A2AV_RS_EAGER"": ""0"", ""FLUX_A2AV_RS_FUSED_PACK"": ""1"", ""FLUX_A2AV_RS_MSPLIT"": ""1"", ""FLUX_A2AV_RS_PACK_BLOCKS"": ""10"", ""FLUX_A2AV_RS_PRERED_BLOCKS"": ""6"", ""FLUX_A2AV_RS_REDUCE_BLOCKS"": ""8"", ""FLUX_A2AV_RS_WIRE_STREAMS"": ""16"", ""FLUX_A2AV_WAVE_PACK"": ""1"", ""FLUX_EXTRA_TORCHRUN_ARGS"": ""--redirects 3 --log-dir /pscratch/sd/y/yufeid/workspace/andrewy/sweep_data/20260831-152556_perlmutter_ca523dcb/cells/ours_l01_s1_pv2_r2_trace-b31526_b16_k8_isolated/torchrun"", ""FLUX_OURS_PLAN_GRAPH"": ""1"", ""FLUX_OURS_PLAN_SCALE_GRAPH"": ""1"", ""FLUX_SWEEP_ISOLATED_ITERS"": ""1"", ""FLUX_SWEEP_RECORD_DIR"": ""/pscratch/sd/y/yufeid/workspace/andrewy/sweep_data/20260831-152556_perlmutter_ca523dcb/cells/ours_l01_s1_pv2_r2_trace-b31526_b16_k8_isolated/records"", ""FLUX_TEST_DETERMINISTIC"": ""0"", ""NVSHMEM_SYMMETRIC_SIZE"": ""6G""}",98eb2c8095445afaf08fdc5cadd21b177b8ef1ac,1,,,,,,0,2026-08-31T15:47:04Z,2026-08-31T15:47:34Z,/pscratch/sd/y/yufeid/workspace/andrewy/sweep_data/20260831-152556_perlmutter_ca523dcb/cells/ours_l01_s1_pv2_r2_trace-b31526_b16_k8_isolated,,,"hetoracle 8.31: Qwen 4n b1-b64 isolated, mixed 6-topic oracle (opool mix6), per-topic homog eval, mean-over-topics scenario; recovered on retry 1 (was failed)",,,,,,l01,,per_iter_gpu,,,,,qwen3,1536,,76.871
20260831-152556_perlmutter_ca523dcb,ours_l01_s1_pv2_r2_trace-b31526_b32_k8_isolated,ok,perlmutter,ours_l01_s1_pv2_r2,ours_l01,isolated,w16x4_trace-54b368_b32_k8_id001,/pscratch/sd/y/yufeid/workspace/andrewy/a2av_test_matrices/generated/w16x4_trace-54b368_b32_k8_id001.txt,d81f199b7b072196c44ee5a3aac79f6675c23261ca96c0fbacf4f670ce4e8da7,trace,"{""dslots"": ""64:32"", ""layer"": 5, ""model"": ""Qwen3-235B"", ""opool"": ""livecodebench/execution+mmlu/college_mathematics+mmlu/high_school_world_history+mmlu/philosophy+mmlu_ZH_CN/college_mathematics+mmlu_ZH_CN/high_school_world_history"", ""pools"": ""mmlu_ZH_CN/high_school_world_history"", ""sem"": ""homog""}",real,/pscratch/sd/y/yufeid/workspace/andrewy/a2av_test_matrices/generated/w16x4_trace-54b368_b32_k8_id001.routing.txt,1446cf5c3c590f33311daba7961de3af47a614d691b5aa2c84d32beee250d9a6,32,33554432,8,128,4096,8192,bfloat16,16,4,4,cxi,,,10,5,8,0,"{""CUDA_DEVICE_MAX_CONNECTIONS"": ""32"", ""FLUX_A2AV_EARLY_LAUNCH"": ""1"", ""FLUX_A2AV_FUSED_STAGE2"": ""1"", ""FLUX_A2AV_LB_UNION"": ""1"", ""FLUX_A2AV_RS_BUCKET"": ""1"", ""FLUX_A2AV_RS_EAGER"": ""0"", ""FLUX_A2AV_RS_FUSED_PACK"": ""1"", ""FLUX_A2AV_RS_MSPLIT"": ""1"", ""FLUX_A2AV_RS_PACK_BLOCKS"": ""10"", ""FLUX_A2AV_RS_PRERED_BLOCKS"": ""6"", ""FLUX_A2AV_RS_REDUCE_BLOCKS"": ""8"", ""FLUX_A2AV_RS_WIRE_STREAMS"": ""16"", ""FLUX_A2AV_WAVE_PACK"": ""1"", ""FLUX_EXTRA_TORCHRUN_ARGS"": ""--redirects 3 --log-dir /pscratch/sd/y/yufeid/workspace/andrewy/sweep_data/20260831-152556_perlmutter_ca523dcb/cells/ours_l01_s1_pv2_r2_trace-b31526_b32_k8_isolated/torchrun"", ""FLUX_OURS_PLAN_GRAPH"": ""1"", ""FLUX_OURS_PLAN_SCALE_GRAPH"": ""1"", ""FLUX_SWEEP_ISOLATED_ITERS"": ""1"", ""FLUX_SWEEP_RECORD_DIR"": ""/pscratch/sd/y/yufeid/workspace/andrewy/sweep_data/20260831-152556_perlmutter_ca523dcb/cells/ours_l01_s1_pv2_r2_trace-b31526_b32_k8_isolated/records"", ""FLUX_TEST_DETERMINISTIC"": ""0"", ""NVSHMEM_SYMMETRIC_SIZE"": ""7G""}",98eb2c8095445afaf08fdc5cadd21b177b8ef1ac,1,,,,,,0,2026-08-31T15:46:02Z,2026-08-31T15:46:34Z,/pscratch/sd/y/yufeid/workspace/andrewy/sweep_data/20260831-152556_perlmutter_ca523dcb/cells/ours_l01_s1_pv2_r2_trace-b31526_b32_k8_isolated,,,"hetoracle 8.31: Qwen 4n b1-b64 isolated, mixed 6-topic oracle (opool mix6), per-topic homog eval, mean-over-topics scenario",,,,,,l01,,per_iter_gpu,,,,,qwen3,1536,,73.05
20260831-152556_perlmutter_ca523dcb,ours_l01_s1_pv2_r2_trace-b31526_b64_k8_isolated,ok,perlmutter,ours_l01_s1_pv2_r2,ours_l01,isolated,w16x4_trace-31514f_b64_k8_id001,/pscratch/sd/y/yufeid/workspace/andrewy/a2av_test_matrices/generated/w16x4_trace-31514f_b64_k8_id001.txt,c91fcb842ba10354e895cd47d7282e1a964e172239b559de1b8c493f110921ef,trace,"{""dslots"": ""64:32"", ""layer"": 5, ""model"": ""Qwen3-235B"", ""opool"": ""livecodebench/execution+mmlu/college_mathematics+mmlu/high_school_world_history+mmlu/philosophy+mmlu_ZH_CN/college_mathematics+mmlu_ZH_CN/high_school_world_history"", ""pools"": ""mmlu_ZH_CN/high_school_world_history"", ""sem"": ""homog""}",real,/pscratch/sd/y/yufeid/workspace/andrewy/a2av_test_matrices/generated/w16x4_trace-31514f_b64_k8_id001.routing.txt,085d72749c0d180661a9e9bae5905074d05c48307597fb53c2dcbf7c4df0cd30,64,67108864,8,128,4096,8192,bfloat16,16,4,4,cxi,,,10,5,8,0,"{""CUDA_DEVICE_MAX_CONNECTIONS"": ""32"", ""FLUX_A2AV_EARLY_LAUNCH"": ""1"", ""FLUX_A2AV_FUSED_STAGE2"": ""1"", ""FLUX_A2AV_LB_UNION"": ""1"", ""FLUX_A2AV_RS_BUCKET"": ""1"", ""FLUX_A2AV_RS_EAGER"": ""0"", ""FLUX_A2AV_RS_FUSED_PACK"": ""1"", ""FLUX_A2AV_RS_MSPLIT"": ""1"", ""FLUX_A2AV_RS_PACK_BLOCKS"": ""10"", ""FLUX_A2AV_RS_PRERED_BLOCKS"": ""6"", ""FLUX_A2AV_RS_REDUCE_BLOCKS"": ""8"", ""FLUX_A2AV_RS_WIRE_STREAMS"": ""16"", ""FLUX_A2AV_WAVE_PACK"": ""1"", ""FLUX_EXTRA_TORCHRUN_ARGS"": ""--redirects 3 --log-dir /pscratch/sd/y/yufeid/workspace/andrewy/sweep_data/20260831-152556_perlmutter_ca523dcb/cells/ours_l01_s1_pv2_r2_trace-b31526_b64_k8_isolated/torchrun"", ""FLUX_OURS_PLAN_GRAPH"": ""1"", ""FLUX_OURS_PLAN_SCALE_GRAPH"": ""1"", ""FLUX_SWEEP_ISOLATED_ITERS"": ""1"", ""FLUX_SWEEP_RECORD_DIR"": ""/pscratch/sd/y/yufeid/workspace/andrewy/sweep_data/20260831-152556_perlmutter_ca523dcb/cells/ours_l01_s1_pv2_r2_trace-b31526_b64_k8_isolated/records"", ""FLUX_TEST_DETERMINISTIC"": ""0"", ""NVSHMEM_SYMMETRIC_SIZE"": ""13G""}",98eb2c8095445afaf08fdc5cadd21b177b8ef1ac,1,,,,,,0,2026-08-31T15:46:34Z,2026-08-31T15:47:03Z,/pscratch/sd/y/yufeid/workspace/andrewy/sweep_data/20260831-152556_perlmutter_ca523dcb/cells/ours_l01_s1_pv2_r2_trace-b31526_b64_k8_isolated,,,"hetoracle 8.31: Qwen 4n b1-b64 isolated, mixed 6-topic oracle (opool mix6), per-topic homog eval, mean-over-topics scenario",,,,,,l01,,per_iter_gpu,,,,,qwen3,1536,,71.873
