run_id,cell_id,mode,impl,rank,iter,metric,value_ms,source
20260801-110454_aws_77bb6f61,hier_compress_union_remotefrac_b8_k8_e2e,e2e,torch,0,0,comm_ms,3.477504,recorder
20260801-110454_aws_77bb6f61,hier_compress_union_remotefrac_b8_k8_e2e,e2e,torch,0,1,comm_ms,3.006464,recorder
20260801-110454_aws_77bb6f61,hier_compress_union_remotefrac_b8_k8_e2e,e2e,torch,0,2,comm_ms,3.446784,recorder
20260801-110454_aws_77bb6f61,hier_compress_union_remotefrac_b8_k8_e2e,e2e,torch,0,3,comm_ms,2.86208,recorder
20260801-110454_aws_77bb6f61,hier_compress_union_remotefrac_b8_k8_e2e,e2e,torch,0,4,comm_ms,3.165184,recorder
20260801-110454_aws_77bb6f61,hier_compress_union_remotefrac_b8_k8_e2e,e2e,torch,0,5,comm_ms,2.839552,recorder
20260801-110454_aws_77bb6f61,hier_compress_union_remotefrac_b8_k8_e2e,e2e,torch,0,6,comm_ms,2.874368,recorder
20260801-110454_aws_77bb6f61,hier_compress_union_remotefrac_b8_k8_e2e,e2e,torch,0,7,comm_ms,2.751488,recorder
20260801-110454_aws_77bb6f61,hier_compress_union_remotefrac_b8_k8_e2e,e2e,torch,0,8,comm_ms,2.891776,recorder
20260801-110454_aws_77bb6f61,hier_compress_union_remotefrac_b8_k8_e2e,e2e,torch,0,9,comm_ms,3.42528,recorder
20260801-110454_aws_77bb6f61,hier_compress_union_remotefrac_b8_k8_e2e,e2e,torch,0,0,scatter_ms,9.136128,recorder
20260801-110454_aws_77bb6f61,hier_compress_union_remotefrac_b8_k8_e2e,e2e,torch,0,1,scatter_ms,9.146368,recorder
20260801-110454_aws_77bb6f61,hier_compress_union_remotefrac_b8_k8_e2e,e2e,torch,0,2,scatter_ms,9.35936,recorder
20260801-110454_aws_77bb6f61,hier_compress_union_remotefrac_b8_k8_e2e,e2e,torch,0,3,scatter_ms,9.145344,recorder
20260801-110454_aws_77bb6f61,hier_compress_union_remotefrac_b8_k8_e2e,e2e,torch,0,4,scatter_ms,9.1392,recorder
20260801-110454_aws_77bb6f61,hier_compress_union_remotefrac_b8_k8_e2e,e2e,torch,0,5,scatter_ms,9.122816,recorder
20260801-110454_aws_77bb6f61,hier_compress_union_remotefrac_b8_k8_e2e,e2e,torch,0,6,scatter_ms,9.15968,recorder
20260801-110454_aws_77bb6f61,hier_compress_union_remotefrac_b8_k8_e2e,e2e,torch,0,7,scatter_ms,9.141248,recorder
20260801-110454_aws_77bb6f61,hier_compress_union_remotefrac_b8_k8_e2e,e2e,torch,0,8,scatter_ms,8.825856,recorder
20260801-110454_aws_77bb6f61,hier_compress_union_remotefrac_b8_k8_e2e,e2e,torch,0,9,scatter_ms,7.805952,recorder
20260801-110454_aws_77bb6f61,hier_compress_union_remotefrac_b8_k8_e2e,e2e,torch,0,0,gemm_ms,2.423808,recorder
20260801-110454_aws_77bb6f61,hier_compress_union_remotefrac_b8_k8_e2e,e2e,torch,0,1,gemm_ms,2.424832,recorder
20260801-110454_aws_77bb6f61,hier_compress_union_remotefrac_b8_k8_e2e,e2e,torch,0,2,gemm_ms,2.422784,recorder
20260801-110454_aws_77bb6f61,hier_compress_union_remotefrac_b8_k8_e2e,e2e,torch,0,3,gemm_ms,2.423808,recorder
20260801-110454_aws_77bb6f61,hier_compress_union_remotefrac_b8_k8_e2e,e2e,torch,0,4,gemm_ms,2.424832,recorder
20260801-110454_aws_77bb6f61,hier_compress_union_remotefrac_b8_k8_e2e,e2e,torch,0,5,gemm_ms,2.424832,recorder
20260801-110454_aws_77bb6f61,hier_compress_union_remotefrac_b8_k8_e2e,e2e,torch,0,6,gemm_ms,2.422784,recorder
20260801-110454_aws_77bb6f61,hier_compress_union_remotefrac_b8_k8_e2e,e2e,torch,0,7,gemm_ms,2.422784,recorder
20260801-110454_aws_77bb6f61,hier_compress_union_remotefrac_b8_k8_e2e,e2e,torch,0,8,gemm_ms,1.893376,recorder
20260801-110454_aws_77bb6f61,hier_compress_union_remotefrac_b8_k8_e2e,e2e,torch,0,9,gemm_ms,1.891328,recorder
20260801-110454_aws_77bb6f61,hier_compress_union_remotefrac_b8_k8_e2e,e2e,flux,0,0,e2e_ms,3.479552,recorder
20260801-110454_aws_77bb6f61,hier_compress_union_remotefrac_b8_k8_e2e,e2e,flux,0,1,e2e_ms,3.595264,recorder
20260801-110454_aws_77bb6f61,hier_compress_union_remotefrac_b8_k8_e2e,e2e,flux,0,2,e2e_ms,3.59936,recorder
20260801-110454_aws_77bb6f61,hier_compress_union_remotefrac_b8_k8_e2e,e2e,flux,0,3,e2e_ms,3.464192,recorder
20260801-110454_aws_77bb6f61,hier_compress_union_remotefrac_b8_k8_e2e,e2e,flux,0,4,e2e_ms,3.470336,recorder
20260801-110454_aws_77bb6f61,hier_compress_union_remotefrac_b8_k8_e2e,e2e,flux,0,5,e2e_ms,3.699712,recorder
20260801-110454_aws_77bb6f61,hier_compress_union_remotefrac_b8_k8_e2e,e2e,flux,0,6,e2e_ms,3.644416,recorder
20260801-110454_aws_77bb6f61,hier_compress_union_remotefrac_b8_k8_e2e,e2e,flux,0,7,e2e_ms,3.47648,recorder
20260801-110454_aws_77bb6f61,hier_compress_union_remotefrac_b8_k8_e2e,e2e,flux,0,8,e2e_ms,3.603456,recorder
20260801-110454_aws_77bb6f61,hier_compress_union_remotefrac_b8_k8_e2e,e2e,flux,0,9,e2e_ms,3.40992,recorder
20260801-110454_aws_77bb6f61,hier_compress_union_remotefrac_b8_k8_e2e,e2e,torch,1,0,comm_ms,4.092928,recorder
20260801-110454_aws_77bb6f61,hier_compress_union_remotefrac_b8_k8_e2e,e2e,torch,1,1,comm_ms,3.777536,recorder
20260801-110454_aws_77bb6f61,hier_compress_union_remotefrac_b8_k8_e2e,e2e,torch,1,2,comm_ms,4.156416,recorder
20260801-110454_aws_77bb6f61,hier_compress_union_remotefrac_b8_k8_e2e,e2e,torch,1,3,comm_ms,3.746816,recorder
20260801-110454_aws_77bb6f61,hier_compress_union_remotefrac_b8_k8_e2e,e2e,torch,1,4,comm_ms,3.658752,recorder
20260801-110454_aws_77bb6f61,hier_compress_union_remotefrac_b8_k8_e2e,e2e,torch,1,5,comm_ms,3.687424,recorder
20260801-110454_aws_77bb6f61,hier_compress_union_remotefrac_b8_k8_e2e,e2e,torch,1,6,comm_ms,3.377152,recorder
20260801-110454_aws_77bb6f61,hier_compress_union_remotefrac_b8_k8_e2e,e2e,torch,1,7,comm_ms,3.241984,recorder
20260801-110454_aws_77bb6f61,hier_compress_union_remotefrac_b8_k8_e2e,e2e,torch,1,8,comm_ms,3.59936,recorder
20260801-110454_aws_77bb6f61,hier_compress_union_remotefrac_b8_k8_e2e,e2e,torch,1,9,comm_ms,3.296256,recorder
20260801-110454_aws_77bb6f61,hier_compress_union_remotefrac_b8_k8_e2e,e2e,torch,1,0,scatter_ms,8.71424,recorder
20260801-110454_aws_77bb6f61,hier_compress_union_remotefrac_b8_k8_e2e,e2e,torch,1,1,scatter_ms,8.722432,recorder
20260801-110454_aws_77bb6f61,hier_compress_union_remotefrac_b8_k8_e2e,e2e,torch,1,2,scatter_ms,8.697856,recorder
20260801-110454_aws_77bb6f61,hier_compress_union_remotefrac_b8_k8_e2e,e2e,torch,1,3,scatter_ms,8.691712,recorder
20260801-110454_aws_77bb6f61,hier_compress_union_remotefrac_b8_k8_e2e,e2e,torch,1,4,scatter_ms,8.748032,recorder
20260801-110454_aws_77bb6f61,hier_compress_union_remotefrac_b8_k8_e2e,e2e,torch,1,5,scatter_ms,8.704,recorder
20260801-110454_aws_77bb6f61,hier_compress_union_remotefrac_b8_k8_e2e,e2e,torch,1,6,scatter_ms,8.681472,recorder
20260801-110454_aws_77bb6f61,hier_compress_union_remotefrac_b8_k8_e2e,e2e,torch,1,7,scatter_ms,8.664064,recorder
20260801-110454_aws_77bb6f61,hier_compress_union_remotefrac_b8_k8_e2e,e2e,torch,1,8,scatter_ms,8.725504,recorder
20260801-110454_aws_77bb6f61,hier_compress_union_remotefrac_b8_k8_e2e,e2e,torch,1,9,scatter_ms,8.680448,recorder
20260801-110454_aws_77bb6f61,hier_compress_union_remotefrac_b8_k8_e2e,e2e,torch,1,0,gemm_ms,2.204672,recorder
20260801-110454_aws_77bb6f61,hier_compress_union_remotefrac_b8_k8_e2e,e2e,torch,1,1,gemm_ms,2.203648,recorder
20260801-110454_aws_77bb6f61,hier_compress_union_remotefrac_b8_k8_e2e,e2e,torch,1,2,gemm_ms,2.205696,recorder
20260801-110454_aws_77bb6f61,hier_compress_union_remotefrac_b8_k8_e2e,e2e,torch,1,3,gemm_ms,2.205696,recorder
20260801-110454_aws_77bb6f61,hier_compress_union_remotefrac_b8_k8_e2e,e2e,torch,1,4,gemm_ms,2.20672,recorder
20260801-110454_aws_77bb6f61,hier_compress_union_remotefrac_b8_k8_e2e,e2e,torch,1,5,gemm_ms,2.203648,recorder
20260801-110454_aws_77bb6f61,hier_compress_union_remotefrac_b8_k8_e2e,e2e,torch,1,6,gemm_ms,2.204672,recorder
20260801-110454_aws_77bb6f61,hier_compress_union_remotefrac_b8_k8_e2e,e2e,torch,1,7,gemm_ms,2.205696,recorder
20260801-110454_aws_77bb6f61,hier_compress_union_remotefrac_b8_k8_e2e,e2e,torch,1,8,gemm_ms,2.205696,recorder
20260801-110454_aws_77bb6f61,hier_compress_union_remotefrac_b8_k8_e2e,e2e,torch,1,9,gemm_ms,2.203648,recorder
20260801-110454_aws_77bb6f61,hier_compress_union_remotefrac_b8_k8_e2e,e2e,flux,1,0,e2e_ms,3.569664,recorder
20260801-110454_aws_77bb6f61,hier_compress_union_remotefrac_b8_k8_e2e,e2e,flux,1,1,e2e_ms,3.639296,recorder
20260801-110454_aws_77bb6f61,hier_compress_union_remotefrac_b8_k8_e2e,e2e,flux,1,2,e2e_ms,3.515392,recorder
20260801-110454_aws_77bb6f61,hier_compress_union_remotefrac_b8_k8_e2e,e2e,flux,1,3,e2e_ms,3.5584,recorder
20260801-110454_aws_77bb6f61,hier_compress_union_remotefrac_b8_k8_e2e,e2e,flux,1,4,e2e_ms,3.372032,recorder
20260801-110454_aws_77bb6f61,hier_compress_union_remotefrac_b8_k8_e2e,e2e,flux,1,5,e2e_ms,3.806208,recorder
20260801-110454_aws_77bb6f61,hier_compress_union_remotefrac_b8_k8_e2e,e2e,flux,1,6,e2e_ms,3.566592,recorder
20260801-110454_aws_77bb6f61,hier_compress_union_remotefrac_b8_k8_e2e,e2e,flux,1,7,e2e_ms,3.480576,recorder
20260801-110454_aws_77bb6f61,hier_compress_union_remotefrac_b8_k8_e2e,e2e,flux,1,8,e2e_ms,3.6096,recorder
20260801-110454_aws_77bb6f61,hier_compress_union_remotefrac_b8_k8_e2e,e2e,flux,1,9,e2e_ms,3.427328,recorder
20260801-110454_aws_77bb6f61,hier_compress_union_remotefrac_b8_k8_e2e,e2e,torch,2,0,comm_ms,4.3264,recorder
20260801-110454_aws_77bb6f61,hier_compress_union_remotefrac_b8_k8_e2e,e2e,torch,2,1,comm_ms,3.982336,recorder
20260801-110454_aws_77bb6f61,hier_compress_union_remotefrac_b8_k8_e2e,e2e,torch,2,2,comm_ms,4.33664,recorder
20260801-110454_aws_77bb6f61,hier_compress_union_remotefrac_b8_k8_e2e,e2e,torch,2,3,comm_ms,3.917824,recorder
20260801-110454_aws_77bb6f61,hier_compress_union_remotefrac_b8_k8_e2e,e2e,torch,2,4,comm_ms,3.841024,recorder
20260801-110454_aws_77bb6f61,hier_compress_union_remotefrac_b8_k8_e2e,e2e,torch,2,5,comm_ms,3.87072,recorder
20260801-110454_aws_77bb6f61,hier_compress_union_remotefrac_b8_k8_e2e,e2e,torch,2,6,comm_ms,3.621888,recorder
20260801-110454_aws_77bb6f61,hier_compress_union_remotefrac_b8_k8_e2e,e2e,torch,2,7,comm_ms,3.131392,recorder
20260801-110454_aws_77bb6f61,hier_compress_union_remotefrac_b8_k8_e2e,e2e,torch,2,8,comm_ms,3.718144,recorder
20260801-110454_aws_77bb6f61,hier_compress_union_remotefrac_b8_k8_e2e,e2e,torch,2,9,comm_ms,3.7888,recorder
20260801-110454_aws_77bb6f61,hier_compress_union_remotefrac_b8_k8_e2e,e2e,torch,2,0,scatter_ms,8.544256,recorder
20260801-110454_aws_77bb6f61,hier_compress_union_remotefrac_b8_k8_e2e,e2e,torch,2,1,scatter_ms,8.56576,recorder
20260801-110454_aws_77bb6f61,hier_compress_union_remotefrac_b8_k8_e2e,e2e,torch,2,2,scatter_ms,8.574976,recorder
20260801-110454_aws_77bb6f61,hier_compress_union_remotefrac_b8_k8_e2e,e2e,torch,2,3,scatter_ms,8.548352,recorder
20260801-110454_aws_77bb6f61,hier_compress_union_remotefrac_b8_k8_e2e,e2e,torch,2,4,scatter_ms,8.546304,recorder
20260801-110454_aws_77bb6f61,hier_compress_union_remotefrac_b8_k8_e2e,e2e,torch,2,5,scatter_ms,8.549376,recorder
20260801-110454_aws_77bb6f61,hier_compress_union_remotefrac_b8_k8_e2e,e2e,torch,2,6,scatter_ms,8.58112,recorder
20260801-110454_aws_77bb6f61,hier_compress_union_remotefrac_b8_k8_e2e,e2e,torch,2,7,scatter_ms,8.548352,recorder
20260801-110454_aws_77bb6f61,hier_compress_union_remotefrac_b8_k8_e2e,e2e,torch,2,8,scatter_ms,8.557568,recorder
20260801-110454_aws_77bb6f61,hier_compress_union_remotefrac_b8_k8_e2e,e2e,torch,2,9,scatter_ms,8.554496,recorder
20260801-110454_aws_77bb6f61,hier_compress_union_remotefrac_b8_k8_e2e,e2e,torch,2,0,gemm_ms,2.168832,recorder
20260801-110454_aws_77bb6f61,hier_compress_union_remotefrac_b8_k8_e2e,e2e,torch,2,1,gemm_ms,2.164736,recorder
20260801-110454_aws_77bb6f61,hier_compress_union_remotefrac_b8_k8_e2e,e2e,torch,2,2,gemm_ms,2.168832,recorder
20260801-110454_aws_77bb6f61,hier_compress_union_remotefrac_b8_k8_e2e,e2e,torch,2,3,gemm_ms,2.167808,recorder
20260801-110454_aws_77bb6f61,hier_compress_union_remotefrac_b8_k8_e2e,e2e,torch,2,4,gemm_ms,2.166784,recorder
20260801-110454_aws_77bb6f61,hier_compress_union_remotefrac_b8_k8_e2e,e2e,torch,2,5,gemm_ms,2.168832,recorder
20260801-110454_aws_77bb6f61,hier_compress_union_remotefrac_b8_k8_e2e,e2e,torch,2,6,gemm_ms,2.167808,recorder
20260801-110454_aws_77bb6f61,hier_compress_union_remotefrac_b8_k8_e2e,e2e,torch,2,7,gemm_ms,2.166784,recorder
20260801-110454_aws_77bb6f61,hier_compress_union_remotefrac_b8_k8_e2e,e2e,torch,2,8,gemm_ms,2.166784,recorder
20260801-110454_aws_77bb6f61,hier_compress_union_remotefrac_b8_k8_e2e,e2e,torch,2,9,gemm_ms,2.16576,recorder
20260801-110454_aws_77bb6f61,hier_compress_union_remotefrac_b8_k8_e2e,e2e,flux,2,0,e2e_ms,3.531776,recorder
20260801-110454_aws_77bb6f61,hier_compress_union_remotefrac_b8_k8_e2e,e2e,flux,2,1,e2e_ms,3.612672,recorder
20260801-110454_aws_77bb6f61,hier_compress_union_remotefrac_b8_k8_e2e,e2e,flux,2,2,e2e_ms,3.607552,recorder
20260801-110454_aws_77bb6f61,hier_compress_union_remotefrac_b8_k8_e2e,e2e,flux,2,3,e2e_ms,3.467264,recorder
20260801-110454_aws_77bb6f61,hier_compress_union_remotefrac_b8_k8_e2e,e2e,flux,2,4,e2e_ms,3.460096,recorder
20260801-110454_aws_77bb6f61,hier_compress_union_remotefrac_b8_k8_e2e,e2e,flux,2,5,e2e_ms,3.719168,recorder
20260801-110454_aws_77bb6f61,hier_compress_union_remotefrac_b8_k8_e2e,e2e,flux,2,6,e2e_ms,3.62496,recorder
20260801-110454_aws_77bb6f61,hier_compress_union_remotefrac_b8_k8_e2e,e2e,flux,2,7,e2e_ms,3.503104,recorder
20260801-110454_aws_77bb6f61,hier_compress_union_remotefrac_b8_k8_e2e,e2e,flux,2,8,e2e_ms,3.605504,recorder
20260801-110454_aws_77bb6f61,hier_compress_union_remotefrac_b8_k8_e2e,e2e,flux,2,9,e2e_ms,3.421184,recorder
20260801-110454_aws_77bb6f61,hier_compress_union_remotefrac_b8_k8_e2e,e2e,torch,3,0,comm_ms,3.713024,recorder
20260801-110454_aws_77bb6f61,hier_compress_union_remotefrac_b8_k8_e2e,e2e,torch,3,1,comm_ms,3.803136,recorder
20260801-110454_aws_77bb6f61,hier_compress_union_remotefrac_b8_k8_e2e,e2e,torch,3,2,comm_ms,4.017152,recorder
20260801-110454_aws_77bb6f61,hier_compress_union_remotefrac_b8_k8_e2e,e2e,torch,3,3,comm_ms,4.018176,recorder
20260801-110454_aws_77bb6f61,hier_compress_union_remotefrac_b8_k8_e2e,e2e,torch,3,4,comm_ms,3.731456,recorder
20260801-110454_aws_77bb6f61,hier_compress_union_remotefrac_b8_k8_e2e,e2e,torch,3,5,comm_ms,3.805184,recorder
20260801-110454_aws_77bb6f61,hier_compress_union_remotefrac_b8_k8_e2e,e2e,torch,3,6,comm_ms,3.597312,recorder
20260801-110454_aws_77bb6f61,hier_compress_union_remotefrac_b8_k8_e2e,e2e,torch,3,7,comm_ms,2.915328,recorder
20260801-110454_aws_77bb6f61,hier_compress_union_remotefrac_b8_k8_e2e,e2e,torch,3,8,comm_ms,3.300352,recorder
20260801-110454_aws_77bb6f61,hier_compress_union_remotefrac_b8_k8_e2e,e2e,torch,3,9,comm_ms,3.8144,recorder
20260801-110454_aws_77bb6f61,hier_compress_union_remotefrac_b8_k8_e2e,e2e,torch,3,0,scatter_ms,8.708096,recorder
20260801-110454_aws_77bb6f61,hier_compress_union_remotefrac_b8_k8_e2e,e2e,torch,3,1,scatter_ms,8.705024,recorder
20260801-110454_aws_77bb6f61,hier_compress_union_remotefrac_b8_k8_e2e,e2e,torch,3,2,scatter_ms,8.68352,recorder
20260801-110454_aws_77bb6f61,hier_compress_union_remotefrac_b8_k8_e2e,e2e,torch,3,3,scatter_ms,8.704,recorder
20260801-110454_aws_77bb6f61,hier_compress_union_remotefrac_b8_k8_e2e,e2e,torch,3,4,scatter_ms,8.692736,recorder
20260801-110454_aws_77bb6f61,hier_compress_union_remotefrac_b8_k8_e2e,e2e,torch,3,5,scatter_ms,8.708096,recorder
20260801-110454_aws_77bb6f61,hier_compress_union_remotefrac_b8_k8_e2e,e2e,torch,3,6,scatter_ms,8.704,recorder
20260801-110454_aws_77bb6f61,hier_compress_union_remotefrac_b8_k8_e2e,e2e,torch,3,7,scatter_ms,8.726528,recorder
20260801-110454_aws_77bb6f61,hier_compress_union_remotefrac_b8_k8_e2e,e2e,torch,3,8,scatter_ms,8.697856,recorder
20260801-110454_aws_77bb6f61,hier_compress_union_remotefrac_b8_k8_e2e,e2e,torch,3,9,scatter_ms,8.700928,recorder
20260801-110454_aws_77bb6f61,hier_compress_union_remotefrac_b8_k8_e2e,e2e,torch,3,0,gemm_ms,2.209792,recorder
20260801-110454_aws_77bb6f61,hier_compress_union_remotefrac_b8_k8_e2e,e2e,torch,3,1,gemm_ms,2.209792,recorder
20260801-110454_aws_77bb6f61,hier_compress_union_remotefrac_b8_k8_e2e,e2e,torch,3,2,gemm_ms,2.212864,recorder
20260801-110454_aws_77bb6f61,hier_compress_union_remotefrac_b8_k8_e2e,e2e,torch,3,3,gemm_ms,2.21184,recorder
20260801-110454_aws_77bb6f61,hier_compress_union_remotefrac_b8_k8_e2e,e2e,torch,3,4,gemm_ms,2.210816,recorder
20260801-110454_aws_77bb6f61,hier_compress_union_remotefrac_b8_k8_e2e,e2e,torch,3,5,gemm_ms,2.209792,recorder
20260801-110454_aws_77bb6f61,hier_compress_union_remotefrac_b8_k8_e2e,e2e,torch,3,6,gemm_ms,2.21184,recorder
20260801-110454_aws_77bb6f61,hier_compress_union_remotefrac_b8_k8_e2e,e2e,torch,3,7,gemm_ms,2.20672,recorder
20260801-110454_aws_77bb6f61,hier_compress_union_remotefrac_b8_k8_e2e,e2e,torch,3,8,gemm_ms,2.21184,recorder
20260801-110454_aws_77bb6f61,hier_compress_union_remotefrac_b8_k8_e2e,e2e,torch,3,9,gemm_ms,2.207744,recorder
20260801-110454_aws_77bb6f61,hier_compress_union_remotefrac_b8_k8_e2e,e2e,flux,3,0,e2e_ms,3.555328,recorder
20260801-110454_aws_77bb6f61,hier_compress_union_remotefrac_b8_k8_e2e,e2e,flux,3,1,e2e_ms,3.55328,recorder
20260801-110454_aws_77bb6f61,hier_compress_union_remotefrac_b8_k8_e2e,e2e,flux,3,2,e2e_ms,3.508224,recorder
20260801-110454_aws_77bb6f61,hier_compress_union_remotefrac_b8_k8_e2e,e2e,flux,3,3,e2e_ms,3.564544,recorder
20260801-110454_aws_77bb6f61,hier_compress_union_remotefrac_b8_k8_e2e,e2e,flux,3,4,e2e_ms,3.359744,recorder
20260801-110454_aws_77bb6f61,hier_compress_union_remotefrac_b8_k8_e2e,e2e,flux,3,5,e2e_ms,3.823616,recorder
20260801-110454_aws_77bb6f61,hier_compress_union_remotefrac_b8_k8_e2e,e2e,flux,3,6,e2e_ms,3.534848,recorder
20260801-110454_aws_77bb6f61,hier_compress_union_remotefrac_b8_k8_e2e,e2e,flux,3,7,e2e_ms,3.495936,recorder
20260801-110454_aws_77bb6f61,hier_compress_union_remotefrac_b8_k8_e2e,e2e,flux,3,8,e2e_ms,3.61472,recorder
20260801-110454_aws_77bb6f61,hier_compress_union_remotefrac_b8_k8_e2e,e2e,flux,3,9,e2e_ms,3.427328,recorder
20260801-110454_aws_77bb6f61,hier_compress_union_remotefrac_b8_k8_e2e,e2e,torch,4,0,comm_ms,3.402752,recorder
20260801-110454_aws_77bb6f61,hier_compress_union_remotefrac_b8_k8_e2e,e2e,torch,4,1,comm_ms,3.516416,recorder
20260801-110454_aws_77bb6f61,hier_compress_union_remotefrac_b8_k8_e2e,e2e,torch,4,2,comm_ms,3.621888,recorder
20260801-110454_aws_77bb6f61,hier_compress_union_remotefrac_b8_k8_e2e,e2e,torch,4,3,comm_ms,5.054464,recorder
20260801-110454_aws_77bb6f61,hier_compress_union_remotefrac_b8_k8_e2e,e2e,torch,4,4,comm_ms,4.810752,recorder
20260801-110454_aws_77bb6f61,hier_compress_union_remotefrac_b8_k8_e2e,e2e,torch,4,5,comm_ms,4.786176,recorder
20260801-110454_aws_77bb6f61,hier_compress_union_remotefrac_b8_k8_e2e,e2e,torch,4,6,comm_ms,4.320256,recorder
20260801-110454_aws_77bb6f61,hier_compress_union_remotefrac_b8_k8_e2e,e2e,torch,4,7,comm_ms,4.045824,recorder
20260801-110454_aws_77bb6f61,hier_compress_union_remotefrac_b8_k8_e2e,e2e,torch,4,8,comm_ms,4.335616,recorder
20260801-110454_aws_77bb6f61,hier_compress_union_remotefrac_b8_k8_e2e,e2e,torch,4,9,comm_ms,4.827136,recorder
20260801-110454_aws_77bb6f61,hier_compress_union_remotefrac_b8_k8_e2e,e2e,torch,4,0,scatter_ms,8.915968,recorder
20260801-110454_aws_77bb6f61,hier_compress_union_remotefrac_b8_k8_e2e,e2e,torch,4,1,scatter_ms,8.933376,recorder
20260801-110454_aws_77bb6f61,hier_compress_union_remotefrac_b8_k8_e2e,e2e,torch,4,2,scatter_ms,7.928832,recorder
20260801-110454_aws_77bb6f61,hier_compress_union_remotefrac_b8_k8_e2e,e2e,torch,4,3,scatter_ms,7.95136,recorder
20260801-110454_aws_77bb6f61,hier_compress_union_remotefrac_b8_k8_e2e,e2e,torch,4,4,scatter_ms,7.965696,recorder
20260801-110454_aws_77bb6f61,hier_compress_union_remotefrac_b8_k8_e2e,e2e,torch,4,5,scatter_ms,8.236032,recorder
20260801-110454_aws_77bb6f61,hier_compress_union_remotefrac_b8_k8_e2e,e2e,torch,4,6,scatter_ms,7.97184,recorder
20260801-110454_aws_77bb6f61,hier_compress_union_remotefrac_b8_k8_e2e,e2e,torch,4,7,scatter_ms,7.97184,recorder
20260801-110454_aws_77bb6f61,hier_compress_union_remotefrac_b8_k8_e2e,e2e,torch,4,8,scatter_ms,7.942144,recorder
20260801-110454_aws_77bb6f61,hier_compress_union_remotefrac_b8_k8_e2e,e2e,torch,4,9,scatter_ms,7.989248,recorder
20260801-110454_aws_77bb6f61,hier_compress_union_remotefrac_b8_k8_e2e,e2e,torch,4,0,gemm_ms,2.292736,recorder
20260801-110454_aws_77bb6f61,hier_compress_union_remotefrac_b8_k8_e2e,e2e,torch,4,1,gemm_ms,2.28864,recorder
20260801-110454_aws_77bb6f61,hier_compress_union_remotefrac_b8_k8_e2e,e2e,torch,4,2,gemm_ms,1.917952,recorder
20260801-110454_aws_77bb6f61,hier_compress_union_remotefrac_b8_k8_e2e,e2e,torch,4,3,gemm_ms,1.918976,recorder
20260801-110454_aws_77bb6f61,hier_compress_union_remotefrac_b8_k8_e2e,e2e,torch,4,4,gemm_ms,1.917952,recorder
20260801-110454_aws_77bb6f61,hier_compress_union_remotefrac_b8_k8_e2e,e2e,torch,4,5,gemm_ms,1.917952,recorder
20260801-110454_aws_77bb6f61,hier_compress_union_remotefrac_b8_k8_e2e,e2e,torch,4,6,gemm_ms,1.917952,recorder
20260801-110454_aws_77bb6f61,hier_compress_union_remotefrac_b8_k8_e2e,e2e,torch,4,7,gemm_ms,1.917952,recorder
20260801-110454_aws_77bb6f61,hier_compress_union_remotefrac_b8_k8_e2e,e2e,torch,4,8,gemm_ms,1.92,recorder
20260801-110454_aws_77bb6f61,hier_compress_union_remotefrac_b8_k8_e2e,e2e,torch,4,9,gemm_ms,1.917952,recorder
20260801-110454_aws_77bb6f61,hier_compress_union_remotefrac_b8_k8_e2e,e2e,flux,4,0,e2e_ms,3.528704,recorder
20260801-110454_aws_77bb6f61,hier_compress_union_remotefrac_b8_k8_e2e,e2e,flux,4,1,e2e_ms,3.557376,recorder
20260801-110454_aws_77bb6f61,hier_compress_union_remotefrac_b8_k8_e2e,e2e,flux,4,2,e2e_ms,3.600384,recorder
20260801-110454_aws_77bb6f61,hier_compress_union_remotefrac_b8_k8_e2e,e2e,flux,4,3,e2e_ms,3.483648,recorder
20260801-110454_aws_77bb6f61,hier_compress_union_remotefrac_b8_k8_e2e,e2e,flux,4,4,e2e_ms,3.513344,recorder
20260801-110454_aws_77bb6f61,hier_compress_union_remotefrac_b8_k8_e2e,e2e,flux,4,5,e2e_ms,3.654656,recorder
20260801-110454_aws_77bb6f61,hier_compress_union_remotefrac_b8_k8_e2e,e2e,flux,4,6,e2e_ms,3.71712,recorder
20260801-110454_aws_77bb6f61,hier_compress_union_remotefrac_b8_k8_e2e,e2e,flux,4,7,e2e_ms,3.423232,recorder
20260801-110454_aws_77bb6f61,hier_compress_union_remotefrac_b8_k8_e2e,e2e,flux,4,8,e2e_ms,3.59424,recorder
20260801-110454_aws_77bb6f61,hier_compress_union_remotefrac_b8_k8_e2e,e2e,flux,4,9,e2e_ms,3.438592,recorder
20260801-110454_aws_77bb6f61,hier_compress_union_remotefrac_b8_k8_e2e,e2e,torch,5,0,comm_ms,3.21536,recorder
20260801-110454_aws_77bb6f61,hier_compress_union_remotefrac_b8_k8_e2e,e2e,torch,5,1,comm_ms,3.202048,recorder
20260801-110454_aws_77bb6f61,hier_compress_union_remotefrac_b8_k8_e2e,e2e,torch,5,2,comm_ms,3.00032,recorder
20260801-110454_aws_77bb6f61,hier_compress_union_remotefrac_b8_k8_e2e,e2e,torch,5,3,comm_ms,3.336192,recorder
20260801-110454_aws_77bb6f61,hier_compress_union_remotefrac_b8_k8_e2e,e2e,torch,5,4,comm_ms,2.977792,recorder
20260801-110454_aws_77bb6f61,hier_compress_union_remotefrac_b8_k8_e2e,e2e,torch,5,5,comm_ms,3.103744,recorder
20260801-110454_aws_77bb6f61,hier_compress_union_remotefrac_b8_k8_e2e,e2e,torch,5,6,comm_ms,3.263488,recorder
20260801-110454_aws_77bb6f61,hier_compress_union_remotefrac_b8_k8_e2e,e2e,torch,5,7,comm_ms,2.853888,recorder
20260801-110454_aws_77bb6f61,hier_compress_union_remotefrac_b8_k8_e2e,e2e,torch,5,8,comm_ms,3.44576,recorder
20260801-110454_aws_77bb6f61,hier_compress_union_remotefrac_b8_k8_e2e,e2e,torch,5,9,comm_ms,4.378624,recorder
20260801-110454_aws_77bb6f61,hier_compress_union_remotefrac_b8_k8_e2e,e2e,torch,5,0,scatter_ms,9.1392,recorder
20260801-110454_aws_77bb6f61,hier_compress_union_remotefrac_b8_k8_e2e,e2e,torch,5,1,scatter_ms,9.132032,recorder
20260801-110454_aws_77bb6f61,hier_compress_union_remotefrac_b8_k8_e2e,e2e,torch,5,2,scatter_ms,9.12384,recorder
20260801-110454_aws_77bb6f61,hier_compress_union_remotefrac_b8_k8_e2e,e2e,torch,5,3,scatter_ms,9.12896,recorder
20260801-110454_aws_77bb6f61,hier_compress_union_remotefrac_b8_k8_e2e,e2e,torch,5,4,scatter_ms,9.106432,recorder
20260801-110454_aws_77bb6f61,hier_compress_union_remotefrac_b8_k8_e2e,e2e,torch,5,5,scatter_ms,9.101312,recorder
20260801-110454_aws_77bb6f61,hier_compress_union_remotefrac_b8_k8_e2e,e2e,torch,5,6,scatter_ms,9.133056,recorder
20260801-110454_aws_77bb6f61,hier_compress_union_remotefrac_b8_k8_e2e,e2e,torch,5,7,scatter_ms,8.865792,recorder
20260801-110454_aws_77bb6f61,hier_compress_union_remotefrac_b8_k8_e2e,e2e,torch,5,8,scatter_ms,7.760896,recorder
20260801-110454_aws_77bb6f61,hier_compress_union_remotefrac_b8_k8_e2e,e2e,torch,5,9,scatter_ms,7.749632,recorder
20260801-110454_aws_77bb6f61,hier_compress_union_remotefrac_b8_k8_e2e,e2e,torch,5,0,gemm_ms,2.400256,recorder
20260801-110454_aws_77bb6f61,hier_compress_union_remotefrac_b8_k8_e2e,e2e,torch,5,1,gemm_ms,2.39616,recorder
20260801-110454_aws_77bb6f61,hier_compress_union_remotefrac_b8_k8_e2e,e2e,torch,5,2,gemm_ms,2.398208,recorder
20260801-110454_aws_77bb6f61,hier_compress_union_remotefrac_b8_k8_e2e,e2e,torch,5,3,gemm_ms,2.397184,recorder
20260801-110454_aws_77bb6f61,hier_compress_union_remotefrac_b8_k8_e2e,e2e,torch,5,4,gemm_ms,2.398208,recorder
20260801-110454_aws_77bb6f61,hier_compress_union_remotefrac_b8_k8_e2e,e2e,torch,5,5,gemm_ms,2.39616,recorder
20260801-110454_aws_77bb6f61,hier_compress_union_remotefrac_b8_k8_e2e,e2e,torch,5,6,gemm_ms,2.398208,recorder
20260801-110454_aws_77bb6f61,hier_compress_union_remotefrac_b8_k8_e2e,e2e,torch,5,7,gemm_ms,1.871872,recorder
20260801-110454_aws_77bb6f61,hier_compress_union_remotefrac_b8_k8_e2e,e2e,torch,5,8,gemm_ms,1.87392,recorder
20260801-110454_aws_77bb6f61,hier_compress_union_remotefrac_b8_k8_e2e,e2e,torch,5,9,gemm_ms,1.872896,recorder
20260801-110454_aws_77bb6f61,hier_compress_union_remotefrac_b8_k8_e2e,e2e,flux,5,0,e2e_ms,3.503104,recorder
20260801-110454_aws_77bb6f61,hier_compress_union_remotefrac_b8_k8_e2e,e2e,flux,5,1,e2e_ms,3.561472,recorder
20260801-110454_aws_77bb6f61,hier_compress_union_remotefrac_b8_k8_e2e,e2e,flux,5,2,e2e_ms,3.509248,recorder
20260801-110454_aws_77bb6f61,hier_compress_union_remotefrac_b8_k8_e2e,e2e,flux,5,3,e2e_ms,3.5584,recorder
20260801-110454_aws_77bb6f61,hier_compress_union_remotefrac_b8_k8_e2e,e2e,flux,5,4,e2e_ms,3.535872,recorder
20260801-110454_aws_77bb6f61,hier_compress_union_remotefrac_b8_k8_e2e,e2e,flux,5,5,e2e_ms,3.64032,recorder
20260801-110454_aws_77bb6f61,hier_compress_union_remotefrac_b8_k8_e2e,e2e,flux,5,6,e2e_ms,3.634176,recorder
20260801-110454_aws_77bb6f61,hier_compress_union_remotefrac_b8_k8_e2e,e2e,flux,5,7,e2e_ms,3.403776,recorder
20260801-110454_aws_77bb6f61,hier_compress_union_remotefrac_b8_k8_e2e,e2e,flux,5,8,e2e_ms,3.612672,recorder
20260801-110454_aws_77bb6f61,hier_compress_union_remotefrac_b8_k8_e2e,e2e,flux,5,9,e2e_ms,3.412992,recorder
20260801-110454_aws_77bb6f61,hier_compress_union_remotefrac_b8_k8_e2e,e2e,torch,6,0,comm_ms,3.611648,recorder
20260801-110454_aws_77bb6f61,hier_compress_union_remotefrac_b8_k8_e2e,e2e,torch,6,1,comm_ms,3.85024,recorder
20260801-110454_aws_77bb6f61,hier_compress_union_remotefrac_b8_k8_e2e,e2e,torch,6,2,comm_ms,3.873792,recorder
20260801-110454_aws_77bb6f61,hier_compress_union_remotefrac_b8_k8_e2e,e2e,torch,6,3,comm_ms,3.733504,recorder
20260801-110454_aws_77bb6f61,hier_compress_union_remotefrac_b8_k8_e2e,e2e,torch,6,4,comm_ms,3.847168,recorder
20260801-110454_aws_77bb6f61,hier_compress_union_remotefrac_b8_k8_e2e,e2e,torch,6,5,comm_ms,3.621888,recorder
20260801-110454_aws_77bb6f61,hier_compress_union_remotefrac_b8_k8_e2e,e2e,torch,6,6,comm_ms,3.868672,recorder
20260801-110454_aws_77bb6f61,hier_compress_union_remotefrac_b8_k8_e2e,e2e,torch,6,7,comm_ms,3.432448,recorder
20260801-110454_aws_77bb6f61,hier_compress_union_remotefrac_b8_k8_e2e,e2e,torch,6,8,comm_ms,3.239936,recorder
20260801-110454_aws_77bb6f61,hier_compress_union_remotefrac_b8_k8_e2e,e2e,torch,6,9,comm_ms,3.134464,recorder
20260801-110454_aws_77bb6f61,hier_compress_union_remotefrac_b8_k8_e2e,e2e,torch,6,0,scatter_ms,8.6784,recorder
20260801-110454_aws_77bb6f61,hier_compress_union_remotefrac_b8_k8_e2e,e2e,torch,6,1,scatter_ms,8.747008,recorder
20260801-110454_aws_77bb6f61,hier_compress_union_remotefrac_b8_k8_e2e,e2e,torch,6,2,scatter_ms,8.707072,recorder
20260801-110454_aws_77bb6f61,hier_compress_union_remotefrac_b8_k8_e2e,e2e,torch,6,3,scatter_ms,8.691712,recorder
20260801-110454_aws_77bb6f61,hier_compress_union_remotefrac_b8_k8_e2e,e2e,torch,6,4,scatter_ms,8.711168,recorder
20260801-110454_aws_77bb6f61,hier_compress_union_remotefrac_b8_k8_e2e,e2e,torch,6,5,scatter_ms,8.697856,recorder
20260801-110454_aws_77bb6f61,hier_compress_union_remotefrac_b8_k8_e2e,e2e,torch,6,6,scatter_ms,8.692736,recorder
20260801-110454_aws_77bb6f61,hier_compress_union_remotefrac_b8_k8_e2e,e2e,torch,6,7,scatter_ms,8.808448,recorder
20260801-110454_aws_77bb6f61,hier_compress_union_remotefrac_b8_k8_e2e,e2e,torch,6,8,scatter_ms,8.674304,recorder
20260801-110454_aws_77bb6f61,hier_compress_union_remotefrac_b8_k8_e2e,e2e,torch,6,9,scatter_ms,8.736768,recorder
20260801-110454_aws_77bb6f61,hier_compress_union_remotefrac_b8_k8_e2e,e2e,torch,6,0,gemm_ms,2.209792,recorder
20260801-110454_aws_77bb6f61,hier_compress_union_remotefrac_b8_k8_e2e,e2e,torch,6,1,gemm_ms,2.207744,recorder
20260801-110454_aws_77bb6f61,hier_compress_union_remotefrac_b8_k8_e2e,e2e,torch,6,2,gemm_ms,2.208768,recorder
20260801-110454_aws_77bb6f61,hier_compress_union_remotefrac_b8_k8_e2e,e2e,torch,6,3,gemm_ms,2.209792,recorder
20260801-110454_aws_77bb6f61,hier_compress_union_remotefrac_b8_k8_e2e,e2e,torch,6,4,gemm_ms,2.208768,recorder
20260801-110454_aws_77bb6f61,hier_compress_union_remotefrac_b8_k8_e2e,e2e,torch,6,5,gemm_ms,2.208768,recorder
20260801-110454_aws_77bb6f61,hier_compress_union_remotefrac_b8_k8_e2e,e2e,torch,6,6,gemm_ms,2.209792,recorder
20260801-110454_aws_77bb6f61,hier_compress_union_remotefrac_b8_k8_e2e,e2e,torch,6,7,gemm_ms,2.209792,recorder
20260801-110454_aws_77bb6f61,hier_compress_union_remotefrac_b8_k8_e2e,e2e,torch,6,8,gemm_ms,2.21184,recorder
20260801-110454_aws_77bb6f61,hier_compress_union_remotefrac_b8_k8_e2e,e2e,torch,6,9,gemm_ms,2.20672,recorder
20260801-110454_aws_77bb6f61,hier_compress_union_remotefrac_b8_k8_e2e,e2e,flux,6,0,e2e_ms,3.525632,recorder
20260801-110454_aws_77bb6f61,hier_compress_union_remotefrac_b8_k8_e2e,e2e,flux,6,1,e2e_ms,3.557376,recorder
20260801-110454_aws_77bb6f61,hier_compress_union_remotefrac_b8_k8_e2e,e2e,flux,6,2,e2e_ms,3.602432,recorder
20260801-110454_aws_77bb6f61,hier_compress_union_remotefrac_b8_k8_e2e,e2e,flux,6,3,e2e_ms,3.475456,recorder
20260801-110454_aws_77bb6f61,hier_compress_union_remotefrac_b8_k8_e2e,e2e,flux,6,4,e2e_ms,3.51744,recorder
20260801-110454_aws_77bb6f61,hier_compress_union_remotefrac_b8_k8_e2e,e2e,flux,6,5,e2e_ms,3.654656,recorder
20260801-110454_aws_77bb6f61,hier_compress_union_remotefrac_b8_k8_e2e,e2e,flux,6,6,e2e_ms,3.677184,recorder
20260801-110454_aws_77bb6f61,hier_compress_union_remotefrac_b8_k8_e2e,e2e,flux,6,7,e2e_ms,3.462144,recorder
20260801-110454_aws_77bb6f61,hier_compress_union_remotefrac_b8_k8_e2e,e2e,flux,6,8,e2e_ms,3.591168,recorder
20260801-110454_aws_77bb6f61,hier_compress_union_remotefrac_b8_k8_e2e,e2e,flux,6,9,e2e_ms,3.417088,recorder
20260801-110454_aws_77bb6f61,hier_compress_union_remotefrac_b8_k8_e2e,e2e,torch,7,0,comm_ms,3.841024,recorder
20260801-110454_aws_77bb6f61,hier_compress_union_remotefrac_b8_k8_e2e,e2e,torch,7,1,comm_ms,3.339264,recorder
20260801-110454_aws_77bb6f61,hier_compress_union_remotefrac_b8_k8_e2e,e2e,torch,7,2,comm_ms,3.69152,recorder
20260801-110454_aws_77bb6f61,hier_compress_union_remotefrac_b8_k8_e2e,e2e,torch,7,3,comm_ms,3.59936,recorder
20260801-110454_aws_77bb6f61,hier_compress_union_remotefrac_b8_k8_e2e,e2e,torch,7,4,comm_ms,2.991104,recorder
20260801-110454_aws_77bb6f61,hier_compress_union_remotefrac_b8_k8_e2e,e2e,torch,7,5,comm_ms,3.295232,recorder
20260801-110454_aws_77bb6f61,hier_compress_union_remotefrac_b8_k8_e2e,e2e,torch,7,6,comm_ms,3.274752,recorder
20260801-110454_aws_77bb6f61,hier_compress_union_remotefrac_b8_k8_e2e,e2e,torch,7,7,comm_ms,3.007488,recorder
20260801-110454_aws_77bb6f61,hier_compress_union_remotefrac_b8_k8_e2e,e2e,torch,7,8,comm_ms,3.166208,recorder
20260801-110454_aws_77bb6f61,hier_compress_union_remotefrac_b8_k8_e2e,e2e,torch,7,9,comm_ms,2.950144,recorder
20260801-110454_aws_77bb6f61,hier_compress_union_remotefrac_b8_k8_e2e,e2e,torch,7,0,scatter_ms,8.923136,recorder
20260801-110454_aws_77bb6f61,hier_compress_union_remotefrac_b8_k8_e2e,e2e,torch,7,1,scatter_ms,8.93952,recorder
20260801-110454_aws_77bb6f61,hier_compress_union_remotefrac_b8_k8_e2e,e2e,torch,7,2,scatter_ms,8.950784,recorder
20260801-110454_aws_77bb6f61,hier_compress_union_remotefrac_b8_k8_e2e,e2e,torch,7,3,scatter_ms,9.22624,recorder
20260801-110454_aws_77bb6f61,hier_compress_union_remotefrac_b8_k8_e2e,e2e,torch,7,4,scatter_ms,8.931328,recorder
20260801-110454_aws_77bb6f61,hier_compress_union_remotefrac_b8_k8_e2e,e2e,torch,7,5,scatter_ms,8.941568,recorder
20260801-110454_aws_77bb6f61,hier_compress_union_remotefrac_b8_k8_e2e,e2e,torch,7,6,scatter_ms,8.997888,recorder
20260801-110454_aws_77bb6f61,hier_compress_union_remotefrac_b8_k8_e2e,e2e,torch,7,7,scatter_ms,8.92416,recorder
20260801-110454_aws_77bb6f61,hier_compress_union_remotefrac_b8_k8_e2e,e2e,torch,7,8,scatter_ms,8.950784,recorder
20260801-110454_aws_77bb6f61,hier_compress_union_remotefrac_b8_k8_e2e,e2e,torch,7,9,scatter_ms,8.974336,recorder
20260801-110454_aws_77bb6f61,hier_compress_union_remotefrac_b8_k8_e2e,e2e,torch,7,0,gemm_ms,2.313216,recorder
20260801-110454_aws_77bb6f61,hier_compress_union_remotefrac_b8_k8_e2e,e2e,torch,7,1,gemm_ms,2.312192,recorder
20260801-110454_aws_77bb6f61,hier_compress_union_remotefrac_b8_k8_e2e,e2e,torch,7,2,gemm_ms,2.312192,recorder
20260801-110454_aws_77bb6f61,hier_compress_union_remotefrac_b8_k8_e2e,e2e,torch,7,3,gemm_ms,2.323456,recorder
20260801-110454_aws_77bb6f61,hier_compress_union_remotefrac_b8_k8_e2e,e2e,torch,7,4,gemm_ms,2.325504,recorder
20260801-110454_aws_77bb6f61,hier_compress_union_remotefrac_b8_k8_e2e,e2e,torch,7,5,gemm_ms,2.326528,recorder
20260801-110454_aws_77bb6f61,hier_compress_union_remotefrac_b8_k8_e2e,e2e,torch,7,6,gemm_ms,2.326528,recorder
20260801-110454_aws_77bb6f61,hier_compress_union_remotefrac_b8_k8_e2e,e2e,torch,7,7,gemm_ms,2.325504,recorder
20260801-110454_aws_77bb6f61,hier_compress_union_remotefrac_b8_k8_e2e,e2e,torch,7,8,gemm_ms,2.325504,recorder
20260801-110454_aws_77bb6f61,hier_compress_union_remotefrac_b8_k8_e2e,e2e,torch,7,9,gemm_ms,2.323456,recorder
20260801-110454_aws_77bb6f61,hier_compress_union_remotefrac_b8_k8_e2e,e2e,flux,7,0,e2e_ms,3.472384,recorder
20260801-110454_aws_77bb6f61,hier_compress_union_remotefrac_b8_k8_e2e,e2e,flux,7,1,e2e_ms,3.56864,recorder
20260801-110454_aws_77bb6f61,hier_compress_union_remotefrac_b8_k8_e2e,e2e,flux,7,2,e2e_ms,3.504128,recorder
20260801-110454_aws_77bb6f61,hier_compress_union_remotefrac_b8_k8_e2e,e2e,flux,7,3,e2e_ms,3.564544,recorder
20260801-110454_aws_77bb6f61,hier_compress_union_remotefrac_b8_k8_e2e,e2e,flux,7,4,e2e_ms,3.429376,recorder
20260801-110454_aws_77bb6f61,hier_compress_union_remotefrac_b8_k8_e2e,e2e,flux,7,5,e2e_ms,3.73248,recorder
20260801-110454_aws_77bb6f61,hier_compress_union_remotefrac_b8_k8_e2e,e2e,flux,7,6,e2e_ms,3.598336,recorder
20260801-110454_aws_77bb6f61,hier_compress_union_remotefrac_b8_k8_e2e,e2e,flux,7,7,e2e_ms,3.43552,recorder
20260801-110454_aws_77bb6f61,hier_compress_union_remotefrac_b8_k8_e2e,e2e,flux,7,8,e2e_ms,3.6096,recorder
20260801-110454_aws_77bb6f61,hier_compress_union_remotefrac_b8_k8_e2e,e2e,flux,7,9,e2e_ms,3.414016,recorder
20260801-110454_aws_77bb6f61,hier_compress_union_remotefrac_b8_k8_e2e,e2e,torch,8,0,comm_ms,3.356672,recorder
20260801-110454_aws_77bb6f61,hier_compress_union_remotefrac_b8_k8_e2e,e2e,torch,8,1,comm_ms,3.323904,recorder
20260801-110454_aws_77bb6f61,hier_compress_union_remotefrac_b8_k8_e2e,e2e,torch,8,2,comm_ms,3.303424,recorder
20260801-110454_aws_77bb6f61,hier_compress_union_remotefrac_b8_k8_e2e,e2e,torch,8,3,comm_ms,3.340288,recorder
20260801-110454_aws_77bb6f61,hier_compress_union_remotefrac_b8_k8_e2e,e2e,torch,8,4,comm_ms,3.422208,recorder
20260801-110454_aws_77bb6f61,hier_compress_union_remotefrac_b8_k8_e2e,e2e,torch,8,5,comm_ms,3.035136,recorder
20260801-110454_aws_77bb6f61,hier_compress_union_remotefrac_b8_k8_e2e,e2e,torch,8,6,comm_ms,3.111936,recorder
20260801-110454_aws_77bb6f61,hier_compress_union_remotefrac_b8_k8_e2e,e2e,torch,8,7,comm_ms,2.989056,recorder
20260801-110454_aws_77bb6f61,hier_compress_union_remotefrac_b8_k8_e2e,e2e,torch,8,8,comm_ms,2.788352,recorder
20260801-110454_aws_77bb6f61,hier_compress_union_remotefrac_b8_k8_e2e,e2e,torch,8,9,comm_ms,3.042304,recorder
20260801-110454_aws_77bb6f61,hier_compress_union_remotefrac_b8_k8_e2e,e2e,torch,8,0,scatter_ms,9.064448,recorder
20260801-110454_aws_77bb6f61,hier_compress_union_remotefrac_b8_k8_e2e,e2e,torch,8,1,scatter_ms,9.046016,recorder
20260801-110454_aws_77bb6f61,hier_compress_union_remotefrac_b8_k8_e2e,e2e,torch,8,2,scatter_ms,9.08288,recorder
20260801-110454_aws_77bb6f61,hier_compress_union_remotefrac_b8_k8_e2e,e2e,torch,8,3,scatter_ms,9.054208,recorder
20260801-110454_aws_77bb6f61,hier_compress_union_remotefrac_b8_k8_e2e,e2e,torch,8,4,scatter_ms,9.05728,recorder
20260801-110454_aws_77bb6f61,hier_compress_union_remotefrac_b8_k8_e2e,e2e,torch,8,5,scatter_ms,9.069568,recorder
20260801-110454_aws_77bb6f61,hier_compress_union_remotefrac_b8_k8_e2e,e2e,torch,8,6,scatter_ms,9.039872,recorder
20260801-110454_aws_77bb6f61,hier_compress_union_remotefrac_b8_k8_e2e,e2e,torch,8,7,scatter_ms,9.097216,recorder
20260801-110454_aws_77bb6f61,hier_compress_union_remotefrac_b8_k8_e2e,e2e,torch,8,8,scatter_ms,9.068544,recorder
20260801-110454_aws_77bb6f61,hier_compress_union_remotefrac_b8_k8_e2e,e2e,torch,8,9,scatter_ms,9.073664,recorder
20260801-110454_aws_77bb6f61,hier_compress_union_remotefrac_b8_k8_e2e,e2e,torch,8,0,gemm_ms,2.3552,recorder
20260801-110454_aws_77bb6f61,hier_compress_union_remotefrac_b8_k8_e2e,e2e,torch,8,1,gemm_ms,2.36032,recorder
20260801-110454_aws_77bb6f61,hier_compress_union_remotefrac_b8_k8_e2e,e2e,torch,8,2,gemm_ms,2.352128,recorder
20260801-110454_aws_77bb6f61,hier_compress_union_remotefrac_b8_k8_e2e,e2e,torch,8,3,gemm_ms,2.352128,recorder
20260801-110454_aws_77bb6f61,hier_compress_union_remotefrac_b8_k8_e2e,e2e,torch,8,4,gemm_ms,2.356224,recorder
20260801-110454_aws_77bb6f61,hier_compress_union_remotefrac_b8_k8_e2e,e2e,torch,8,5,gemm_ms,2.352128,recorder
20260801-110454_aws_77bb6f61,hier_compress_union_remotefrac_b8_k8_e2e,e2e,torch,8,6,gemm_ms,2.352128,recorder
20260801-110454_aws_77bb6f61,hier_compress_union_remotefrac_b8_k8_e2e,e2e,torch,8,7,gemm_ms,2.3552,recorder
20260801-110454_aws_77bb6f61,hier_compress_union_remotefrac_b8_k8_e2e,e2e,torch,8,8,gemm_ms,2.353152,recorder
20260801-110454_aws_77bb6f61,hier_compress_union_remotefrac_b8_k8_e2e,e2e,torch,8,9,gemm_ms,2.351104,recorder
20260801-110454_aws_77bb6f61,hier_compress_union_remotefrac_b8_k8_e2e,e2e,flux,8,0,e2e_ms,3.5328,recorder
20260801-110454_aws_77bb6f61,hier_compress_union_remotefrac_b8_k8_e2e,e2e,flux,8,1,e2e_ms,3.55328,recorder
20260801-110454_aws_77bb6f61,hier_compress_union_remotefrac_b8_k8_e2e,e2e,flux,8,2,e2e_ms,3.605504,recorder
20260801-110454_aws_77bb6f61,hier_compress_union_remotefrac_b8_k8_e2e,e2e,flux,8,3,e2e_ms,3.470336,recorder
20260801-110454_aws_77bb6f61,hier_compress_union_remotefrac_b8_k8_e2e,e2e,flux,8,4,e2e_ms,3.50208,recorder
20260801-110454_aws_77bb6f61,hier_compress_union_remotefrac_b8_k8_e2e,e2e,flux,8,5,e2e_ms,3.680256,recorder
20260801-110454_aws_77bb6f61,hier_compress_union_remotefrac_b8_k8_e2e,e2e,flux,8,6,e2e_ms,3.70176,recorder
20260801-110454_aws_77bb6f61,hier_compress_union_remotefrac_b8_k8_e2e,e2e,flux,8,7,e2e_ms,3.427328,recorder
20260801-110454_aws_77bb6f61,hier_compress_union_remotefrac_b8_k8_e2e,e2e,flux,8,8,e2e_ms,3.60448,recorder
20260801-110454_aws_77bb6f61,hier_compress_union_remotefrac_b8_k8_e2e,e2e,flux,8,9,e2e_ms,3.416064,recorder
20260801-110454_aws_77bb6f61,hier_compress_union_remotefrac_b8_k8_e2e,e2e,torch,9,0,comm_ms,3.250176,recorder
20260801-110454_aws_77bb6f61,hier_compress_union_remotefrac_b8_k8_e2e,e2e,torch,9,1,comm_ms,3.231744,recorder
20260801-110454_aws_77bb6f61,hier_compress_union_remotefrac_b8_k8_e2e,e2e,torch,9,2,comm_ms,3.139584,recorder
20260801-110454_aws_77bb6f61,hier_compress_union_remotefrac_b8_k8_e2e,e2e,torch,9,3,comm_ms,3.267584,recorder
20260801-110454_aws_77bb6f61,hier_compress_union_remotefrac_b8_k8_e2e,e2e,torch,9,4,comm_ms,3.221504,recorder
20260801-110454_aws_77bb6f61,hier_compress_union_remotefrac_b8_k8_e2e,e2e,torch,9,5,comm_ms,3.016704,recorder
20260801-110454_aws_77bb6f61,hier_compress_union_remotefrac_b8_k8_e2e,e2e,torch,9,6,comm_ms,4.747264,recorder
20260801-110454_aws_77bb6f61,hier_compress_union_remotefrac_b8_k8_e2e,e2e,torch,9,7,comm_ms,4.89472,recorder
20260801-110454_aws_77bb6f61,hier_compress_union_remotefrac_b8_k8_e2e,e2e,torch,9,8,comm_ms,4.435968,recorder
20260801-110454_aws_77bb6f61,hier_compress_union_remotefrac_b8_k8_e2e,e2e,torch,9,9,comm_ms,4.427776,recorder
20260801-110454_aws_77bb6f61,hier_compress_union_remotefrac_b8_k8_e2e,e2e,torch,9,0,scatter_ms,9.119744,recorder
20260801-110454_aws_77bb6f61,hier_compress_union_remotefrac_b8_k8_e2e,e2e,torch,9,1,scatter_ms,9.162752,recorder
20260801-110454_aws_77bb6f61,hier_compress_union_remotefrac_b8_k8_e2e,e2e,torch,9,2,scatter_ms,9.131008,recorder
20260801-110454_aws_77bb6f61,hier_compress_union_remotefrac_b8_k8_e2e,e2e,torch,9,3,scatter_ms,9.127936,recorder
20260801-110454_aws_77bb6f61,hier_compress_union_remotefrac_b8_k8_e2e,e2e,torch,9,4,scatter_ms,9.161728,recorder
20260801-110454_aws_77bb6f61,hier_compress_union_remotefrac_b8_k8_e2e,e2e,torch,9,5,scatter_ms,7.82336,recorder
20260801-110454_aws_77bb6f61,hier_compress_union_remotefrac_b8_k8_e2e,e2e,torch,9,6,scatter_ms,7.808,recorder
20260801-110454_aws_77bb6f61,hier_compress_union_remotefrac_b8_k8_e2e,e2e,torch,9,7,scatter_ms,8.041472,recorder
20260801-110454_aws_77bb6f61,hier_compress_union_remotefrac_b8_k8_e2e,e2e,torch,9,8,scatter_ms,7.74656,recorder
20260801-110454_aws_77bb6f61,hier_compress_union_remotefrac_b8_k8_e2e,e2e,torch,9,9,scatter_ms,7.770112,recorder
20260801-110454_aws_77bb6f61,hier_compress_union_remotefrac_b8_k8_e2e,e2e,torch,9,0,gemm_ms,2.39616,recorder
20260801-110454_aws_77bb6f61,hier_compress_union_remotefrac_b8_k8_e2e,e2e,torch,9,1,gemm_ms,2.40128,recorder
20260801-110454_aws_77bb6f61,hier_compress_union_remotefrac_b8_k8_e2e,e2e,torch,9,2,gemm_ms,2.397184,recorder
20260801-110454_aws_77bb6f61,hier_compress_union_remotefrac_b8_k8_e2e,e2e,torch,9,3,gemm_ms,2.39616,recorder
20260801-110454_aws_77bb6f61,hier_compress_union_remotefrac_b8_k8_e2e,e2e,torch,9,4,gemm_ms,2.221056,recorder
20260801-110454_aws_77bb6f61,hier_compress_union_remotefrac_b8_k8_e2e,e2e,torch,9,5,gemm_ms,1.866752,recorder
20260801-110454_aws_77bb6f61,hier_compress_union_remotefrac_b8_k8_e2e,e2e,torch,9,6,gemm_ms,1.865728,recorder
20260801-110454_aws_77bb6f61,hier_compress_union_remotefrac_b8_k8_e2e,e2e,torch,9,7,gemm_ms,1.867776,recorder
20260801-110454_aws_77bb6f61,hier_compress_union_remotefrac_b8_k8_e2e,e2e,torch,9,8,gemm_ms,1.865728,recorder
20260801-110454_aws_77bb6f61,hier_compress_union_remotefrac_b8_k8_e2e,e2e,torch,9,9,gemm_ms,1.864704,recorder
20260801-110454_aws_77bb6f61,hier_compress_union_remotefrac_b8_k8_e2e,e2e,flux,9,0,e2e_ms,3.56352,recorder
20260801-110454_aws_77bb6f61,hier_compress_union_remotefrac_b8_k8_e2e,e2e,flux,9,1,e2e_ms,3.588096,recorder
20260801-110454_aws_77bb6f61,hier_compress_union_remotefrac_b8_k8_e2e,e2e,flux,9,2,e2e_ms,3.513344,recorder
20260801-110454_aws_77bb6f61,hier_compress_union_remotefrac_b8_k8_e2e,e2e,flux,9,3,e2e_ms,3.551232,recorder
20260801-110454_aws_77bb6f61,hier_compress_union_remotefrac_b8_k8_e2e,e2e,flux,9,4,e2e_ms,3.422208,recorder
20260801-110454_aws_77bb6f61,hier_compress_union_remotefrac_b8_k8_e2e,e2e,flux,9,5,e2e_ms,3.759104,recorder
20260801-110454_aws_77bb6f61,hier_compress_union_remotefrac_b8_k8_e2e,e2e,flux,9,6,e2e_ms,3.61984,recorder
20260801-110454_aws_77bb6f61,hier_compress_union_remotefrac_b8_k8_e2e,e2e,flux,9,7,e2e_ms,3.423232,recorder
20260801-110454_aws_77bb6f61,hier_compress_union_remotefrac_b8_k8_e2e,e2e,flux,9,8,e2e_ms,3.605504,recorder
20260801-110454_aws_77bb6f61,hier_compress_union_remotefrac_b8_k8_e2e,e2e,flux,9,9,e2e_ms,3.422208,recorder
20260801-110454_aws_77bb6f61,hier_compress_union_remotefrac_b8_k8_e2e,e2e,torch,10,0,comm_ms,3.86048,recorder
20260801-110454_aws_77bb6f61,hier_compress_union_remotefrac_b8_k8_e2e,e2e,torch,10,1,comm_ms,3.800064,recorder
20260801-110454_aws_77bb6f61,hier_compress_union_remotefrac_b8_k8_e2e,e2e,torch,10,2,comm_ms,3.836928,recorder
20260801-110454_aws_77bb6f61,hier_compress_union_remotefrac_b8_k8_e2e,e2e,torch,10,3,comm_ms,5.071872,recorder
20260801-110454_aws_77bb6f61,hier_compress_union_remotefrac_b8_k8_e2e,e2e,torch,10,4,comm_ms,4.73088,recorder
20260801-110454_aws_77bb6f61,hier_compress_union_remotefrac_b8_k8_e2e,e2e,torch,10,5,comm_ms,4.857856,recorder
20260801-110454_aws_77bb6f61,hier_compress_union_remotefrac_b8_k8_e2e,e2e,torch,10,6,comm_ms,4.937728,recorder
20260801-110454_aws_77bb6f61,hier_compress_union_remotefrac_b8_k8_e2e,e2e,torch,10,7,comm_ms,4.996096,recorder
20260801-110454_aws_77bb6f61,hier_compress_union_remotefrac_b8_k8_e2e,e2e,torch,10,8,comm_ms,4.38784,recorder
20260801-110454_aws_77bb6f61,hier_compress_union_remotefrac_b8_k8_e2e,e2e,torch,10,9,comm_ms,4.591616,recorder
20260801-110454_aws_77bb6f61,hier_compress_union_remotefrac_b8_k8_e2e,e2e,torch,10,0,scatter_ms,8.71424,recorder
20260801-110454_aws_77bb6f61,hier_compress_union_remotefrac_b8_k8_e2e,e2e,torch,10,1,scatter_ms,8.670208,recorder
20260801-110454_aws_77bb6f61,hier_compress_union_remotefrac_b8_k8_e2e,e2e,torch,10,2,scatter_ms,7.732224,recorder
20260801-110454_aws_77bb6f61,hier_compress_union_remotefrac_b8_k8_e2e,e2e,torch,10,3,scatter_ms,7.958528,recorder
20260801-110454_aws_77bb6f61,hier_compress_union_remotefrac_b8_k8_e2e,e2e,torch,10,4,scatter_ms,7.846912,recorder
20260801-110454_aws_77bb6f61,hier_compress_union_remotefrac_b8_k8_e2e,e2e,torch,10,5,scatter_ms,7.75168,recorder
20260801-110454_aws_77bb6f61,hier_compress_union_remotefrac_b8_k8_e2e,e2e,torch,10,6,scatter_ms,7.754752,recorder
20260801-110454_aws_77bb6f61,hier_compress_union_remotefrac_b8_k8_e2e,e2e,torch,10,7,scatter_ms,7.837696,recorder
20260801-110454_aws_77bb6f61,hier_compress_union_remotefrac_b8_k8_e2e,e2e,torch,10,8,scatter_ms,7.794688,recorder
20260801-110454_aws_77bb6f61,hier_compress_union_remotefrac_b8_k8_e2e,e2e,torch,10,9,scatter_ms,8.056832,recorder
20260801-110454_aws_77bb6f61,hier_compress_union_remotefrac_b8_k8_e2e,e2e,torch,10,0,gemm_ms,2.204672,recorder
20260801-110454_aws_77bb6f61,hier_compress_union_remotefrac_b8_k8_e2e,e2e,torch,10,1,gemm_ms,2.204672,recorder
20260801-110454_aws_77bb6f61,hier_compress_union_remotefrac_b8_k8_e2e,e2e,torch,10,2,gemm_ms,1.859584,recorder
20260801-110454_aws_77bb6f61,hier_compress_union_remotefrac_b8_k8_e2e,e2e,torch,10,3,gemm_ms,1.862656,recorder
20260801-110454_aws_77bb6f61,hier_compress_union_remotefrac_b8_k8_e2e,e2e,torch,10,4,gemm_ms,1.859584,recorder
20260801-110454_aws_77bb6f61,hier_compress_union_remotefrac_b8_k8_e2e,e2e,torch,10,5,gemm_ms,1.85856,recorder
20260801-110454_aws_77bb6f61,hier_compress_union_remotefrac_b8_k8_e2e,e2e,torch,10,6,gemm_ms,1.85856,recorder
20260801-110454_aws_77bb6f61,hier_compress_union_remotefrac_b8_k8_e2e,e2e,torch,10,7,gemm_ms,1.85856,recorder
20260801-110454_aws_77bb6f61,hier_compress_union_remotefrac_b8_k8_e2e,e2e,torch,10,8,gemm_ms,1.859584,recorder
20260801-110454_aws_77bb6f61,hier_compress_union_remotefrac_b8_k8_e2e,e2e,torch,10,9,gemm_ms,1.857536,recorder
20260801-110454_aws_77bb6f61,hier_compress_union_remotefrac_b8_k8_e2e,e2e,flux,10,0,e2e_ms,3.547136,recorder
20260801-110454_aws_77bb6f61,hier_compress_union_remotefrac_b8_k8_e2e,e2e,flux,10,1,e2e_ms,3.559424,recorder
20260801-110454_aws_77bb6f61,hier_compress_union_remotefrac_b8_k8_e2e,e2e,flux,10,2,e2e_ms,3.603456,recorder
20260801-110454_aws_77bb6f61,hier_compress_union_remotefrac_b8_k8_e2e,e2e,flux,10,3,e2e_ms,3.468288,recorder
20260801-110454_aws_77bb6f61,hier_compress_union_remotefrac_b8_k8_e2e,e2e,flux,10,4,e2e_ms,3.503104,recorder
20260801-110454_aws_77bb6f61,hier_compress_union_remotefrac_b8_k8_e2e,e2e,flux,10,5,e2e_ms,3.675136,recorder
20260801-110454_aws_77bb6f61,hier_compress_union_remotefrac_b8_k8_e2e,e2e,flux,10,6,e2e_ms,3.682304,recorder
20260801-110454_aws_77bb6f61,hier_compress_union_remotefrac_b8_k8_e2e,e2e,flux,10,7,e2e_ms,3.448832,recorder
20260801-110454_aws_77bb6f61,hier_compress_union_remotefrac_b8_k8_e2e,e2e,flux,10,8,e2e_ms,3.607552,recorder
20260801-110454_aws_77bb6f61,hier_compress_union_remotefrac_b8_k8_e2e,e2e,flux,10,9,e2e_ms,3.42016,recorder
20260801-110454_aws_77bb6f61,hier_compress_union_remotefrac_b8_k8_e2e,e2e,torch,11,0,comm_ms,3.181568,recorder
20260801-110454_aws_77bb6f61,hier_compress_union_remotefrac_b8_k8_e2e,e2e,torch,11,1,comm_ms,3.172352,recorder
20260801-110454_aws_77bb6f61,hier_compress_union_remotefrac_b8_k8_e2e,e2e,torch,11,2,comm_ms,3.239936,recorder
20260801-110454_aws_77bb6f61,hier_compress_union_remotefrac_b8_k8_e2e,e2e,torch,11,3,comm_ms,3.02592,recorder
20260801-110454_aws_77bb6f61,hier_compress_union_remotefrac_b8_k8_e2e,e2e,torch,11,4,comm_ms,2.944,recorder
20260801-110454_aws_77bb6f61,hier_compress_union_remotefrac_b8_k8_e2e,e2e,torch,11,5,comm_ms,3.040256,recorder
20260801-110454_aws_77bb6f61,hier_compress_union_remotefrac_b8_k8_e2e,e2e,torch,11,6,comm_ms,3.979264,recorder
20260801-110454_aws_77bb6f61,hier_compress_union_remotefrac_b8_k8_e2e,e2e,torch,11,7,comm_ms,4.980736,recorder
20260801-110454_aws_77bb6f61,hier_compress_union_remotefrac_b8_k8_e2e,e2e,torch,11,8,comm_ms,4.345856,recorder
20260801-110454_aws_77bb6f61,hier_compress_union_remotefrac_b8_k8_e2e,e2e,torch,11,9,comm_ms,4.420608,recorder
20260801-110454_aws_77bb6f61,hier_compress_union_remotefrac_b8_k8_e2e,e2e,torch,11,0,scatter_ms,9.176064,recorder
20260801-110454_aws_77bb6f61,hier_compress_union_remotefrac_b8_k8_e2e,e2e,torch,11,1,scatter_ms,9.188352,recorder
20260801-110454_aws_77bb6f61,hier_compress_union_remotefrac_b8_k8_e2e,e2e,torch,11,2,scatter_ms,9.162752,recorder
20260801-110454_aws_77bb6f61,hier_compress_union_remotefrac_b8_k8_e2e,e2e,torch,11,3,scatter_ms,9.20064,recorder
20260801-110454_aws_77bb6f61,hier_compress_union_remotefrac_b8_k8_e2e,e2e,torch,11,4,scatter_ms,9.184256,recorder
20260801-110454_aws_77bb6f61,hier_compress_union_remotefrac_b8_k8_e2e,e2e,torch,11,5,scatter_ms,8.513536,recorder
20260801-110454_aws_77bb6f61,hier_compress_union_remotefrac_b8_k8_e2e,e2e,torch,11,6,scatter_ms,7.79776,recorder
20260801-110454_aws_77bb6f61,hier_compress_union_remotefrac_b8_k8_e2e,e2e,torch,11,7,scatter_ms,7.851008,recorder
20260801-110454_aws_77bb6f61,hier_compress_union_remotefrac_b8_k8_e2e,e2e,torch,11,8,scatter_ms,7.919616,recorder
20260801-110454_aws_77bb6f61,hier_compress_union_remotefrac_b8_k8_e2e,e2e,torch,11,9,scatter_ms,7.832576,recorder
20260801-110454_aws_77bb6f61,hier_compress_union_remotefrac_b8_k8_e2e,e2e,torch,11,0,gemm_ms,2.41152,recorder
20260801-110454_aws_77bb6f61,hier_compress_union_remotefrac_b8_k8_e2e,e2e,torch,11,1,gemm_ms,2.409472,recorder
20260801-110454_aws_77bb6f61,hier_compress_union_remotefrac_b8_k8_e2e,e2e,torch,11,2,gemm_ms,2.407424,recorder
20260801-110454_aws_77bb6f61,hier_compress_union_remotefrac_b8_k8_e2e,e2e,torch,11,3,gemm_ms,2.410496,recorder
20260801-110454_aws_77bb6f61,hier_compress_union_remotefrac_b8_k8_e2e,e2e,torch,11,4,gemm_ms,2.407424,recorder
20260801-110454_aws_77bb6f61,hier_compress_union_remotefrac_b8_k8_e2e,e2e,torch,11,5,gemm_ms,1.881088,recorder
20260801-110454_aws_77bb6f61,hier_compress_union_remotefrac_b8_k8_e2e,e2e,torch,11,6,gemm_ms,1.882112,recorder
20260801-110454_aws_77bb6f61,hier_compress_union_remotefrac_b8_k8_e2e,e2e,torch,11,7,gemm_ms,1.881088,recorder
20260801-110454_aws_77bb6f61,hier_compress_union_remotefrac_b8_k8_e2e,e2e,torch,11,8,gemm_ms,1.87904,recorder
20260801-110454_aws_77bb6f61,hier_compress_union_remotefrac_b8_k8_e2e,e2e,torch,11,9,gemm_ms,1.881088,recorder
20260801-110454_aws_77bb6f61,hier_compress_union_remotefrac_b8_k8_e2e,e2e,flux,11,0,e2e_ms,3.576832,recorder
20260801-110454_aws_77bb6f61,hier_compress_union_remotefrac_b8_k8_e2e,e2e,flux,11,1,e2e_ms,3.494912,recorder
20260801-110454_aws_77bb6f61,hier_compress_union_remotefrac_b8_k8_e2e,e2e,flux,11,2,e2e_ms,3.506176,recorder
20260801-110454_aws_77bb6f61,hier_compress_union_remotefrac_b8_k8_e2e,e2e,flux,11,3,e2e_ms,3.561472,recorder
20260801-110454_aws_77bb6f61,hier_compress_union_remotefrac_b8_k8_e2e,e2e,flux,11,4,e2e_ms,3.411968,recorder
20260801-110454_aws_77bb6f61,hier_compress_union_remotefrac_b8_k8_e2e,e2e,flux,11,5,e2e_ms,3.757056,recorder
20260801-110454_aws_77bb6f61,hier_compress_union_remotefrac_b8_k8_e2e,e2e,flux,11,6,e2e_ms,3.593216,recorder
20260801-110454_aws_77bb6f61,hier_compress_union_remotefrac_b8_k8_e2e,e2e,flux,11,7,e2e_ms,3.439616,recorder
20260801-110454_aws_77bb6f61,hier_compress_union_remotefrac_b8_k8_e2e,e2e,flux,11,8,e2e_ms,3.607552,recorder
20260801-110454_aws_77bb6f61,hier_compress_union_remotefrac_b8_k8_e2e,e2e,flux,11,9,e2e_ms,3.423232,recorder
20260801-110454_aws_77bb6f61,hier_compress_union_remotefrac_b8_k8_e2e,e2e,torch,12,0,comm_ms,3.67616,recorder
20260801-110454_aws_77bb6f61,hier_compress_union_remotefrac_b8_k8_e2e,e2e,torch,12,1,comm_ms,3.56352,recorder
20260801-110454_aws_77bb6f61,hier_compress_union_remotefrac_b8_k8_e2e,e2e,torch,12,2,comm_ms,3.238912,recorder
20260801-110454_aws_77bb6f61,hier_compress_union_remotefrac_b8_k8_e2e,e2e,torch,12,3,comm_ms,3.72224,recorder
20260801-110454_aws_77bb6f61,hier_compress_union_remotefrac_b8_k8_e2e,e2e,torch,12,4,comm_ms,4.702208,recorder
20260801-110454_aws_77bb6f61,hier_compress_union_remotefrac_b8_k8_e2e,e2e,torch,12,5,comm_ms,4.980736,recorder
20260801-110454_aws_77bb6f61,hier_compress_union_remotefrac_b8_k8_e2e,e2e,torch,12,6,comm_ms,4.831232,recorder
20260801-110454_aws_77bb6f61,hier_compress_union_remotefrac_b8_k8_e2e,e2e,torch,12,7,comm_ms,5.03808,recorder
20260801-110454_aws_77bb6f61,hier_compress_union_remotefrac_b8_k8_e2e,e2e,torch,12,8,comm_ms,4.386816,recorder
20260801-110454_aws_77bb6f61,hier_compress_union_remotefrac_b8_k8_e2e,e2e,torch,12,9,comm_ms,4.559872,recorder
20260801-110454_aws_77bb6f61,hier_compress_union_remotefrac_b8_k8_e2e,e2e,torch,12,0,scatter_ms,8.870912,recorder
20260801-110454_aws_77bb6f61,hier_compress_union_remotefrac_b8_k8_e2e,e2e,torch,12,1,scatter_ms,9.035776,recorder
20260801-110454_aws_77bb6f61,hier_compress_union_remotefrac_b8_k8_e2e,e2e,torch,12,2,scatter_ms,8.8576,recorder
20260801-110454_aws_77bb6f61,hier_compress_union_remotefrac_b8_k8_e2e,e2e,torch,12,3,scatter_ms,7.922688,recorder
20260801-110454_aws_77bb6f61,hier_compress_union_remotefrac_b8_k8_e2e,e2e,torch,12,4,scatter_ms,7.759872,recorder
20260801-110454_aws_77bb6f61,hier_compress_union_remotefrac_b8_k8_e2e,e2e,torch,12,5,scatter_ms,7.80288,recorder
20260801-110454_aws_77bb6f61,hier_compress_union_remotefrac_b8_k8_e2e,e2e,torch,12,6,scatter_ms,7.808,recorder
20260801-110454_aws_77bb6f61,hier_compress_union_remotefrac_b8_k8_e2e,e2e,torch,12,7,scatter_ms,7.826432,recorder
20260801-110454_aws_77bb6f61,hier_compress_union_remotefrac_b8_k8_e2e,e2e,torch,12,8,scatter_ms,7.790592,recorder
20260801-110454_aws_77bb6f61,hier_compress_union_remotefrac_b8_k8_e2e,e2e,torch,12,9,scatter_ms,7.76192,recorder
20260801-110454_aws_77bb6f61,hier_compress_union_remotefrac_b8_k8_e2e,e2e,torch,12,0,gemm_ms,2.266112,recorder
20260801-110454_aws_77bb6f61,hier_compress_union_remotefrac_b8_k8_e2e,e2e,torch,12,1,gemm_ms,2.265088,recorder
20260801-110454_aws_77bb6f61,hier_compress_union_remotefrac_b8_k8_e2e,e2e,torch,12,2,gemm_ms,2.265088,recorder
20260801-110454_aws_77bb6f61,hier_compress_union_remotefrac_b8_k8_e2e,e2e,torch,12,3,gemm_ms,1.862656,recorder
20260801-110454_aws_77bb6f61,hier_compress_union_remotefrac_b8_k8_e2e,e2e,torch,12,4,gemm_ms,1.864704,recorder
20260801-110454_aws_77bb6f61,hier_compress_union_remotefrac_b8_k8_e2e,e2e,torch,12,5,gemm_ms,1.86368,recorder
20260801-110454_aws_77bb6f61,hier_compress_union_remotefrac_b8_k8_e2e,e2e,torch,12,6,gemm_ms,1.861632,recorder
20260801-110454_aws_77bb6f61,hier_compress_union_remotefrac_b8_k8_e2e,e2e,torch,12,7,gemm_ms,1.862656,recorder
20260801-110454_aws_77bb6f61,hier_compress_union_remotefrac_b8_k8_e2e,e2e,torch,12,8,gemm_ms,1.869824,recorder
20260801-110454_aws_77bb6f61,hier_compress_union_remotefrac_b8_k8_e2e,e2e,torch,12,9,gemm_ms,1.860608,recorder
20260801-110454_aws_77bb6f61,hier_compress_union_remotefrac_b8_k8_e2e,e2e,flux,12,0,e2e_ms,3.515392,recorder
20260801-110454_aws_77bb6f61,hier_compress_union_remotefrac_b8_k8_e2e,e2e,flux,12,1,e2e_ms,3.572736,recorder
20260801-110454_aws_77bb6f61,hier_compress_union_remotefrac_b8_k8_e2e,e2e,flux,12,2,e2e_ms,3.59936,recorder
20260801-110454_aws_77bb6f61,hier_compress_union_remotefrac_b8_k8_e2e,e2e,flux,12,3,e2e_ms,3.47136,recorder
20260801-110454_aws_77bb6f61,hier_compress_union_remotefrac_b8_k8_e2e,e2e,flux,12,4,e2e_ms,3.519488,recorder
20260801-110454_aws_77bb6f61,hier_compress_union_remotefrac_b8_k8_e2e,e2e,flux,12,5,e2e_ms,3.656704,recorder
20260801-110454_aws_77bb6f61,hier_compress_union_remotefrac_b8_k8_e2e,e2e,flux,12,6,e2e_ms,3.721216,recorder
20260801-110454_aws_77bb6f61,hier_compress_union_remotefrac_b8_k8_e2e,e2e,flux,12,7,e2e_ms,3.42528,recorder
20260801-110454_aws_77bb6f61,hier_compress_union_remotefrac_b8_k8_e2e,e2e,flux,12,8,e2e_ms,3.59424,recorder
20260801-110454_aws_77bb6f61,hier_compress_union_remotefrac_b8_k8_e2e,e2e,flux,12,9,e2e_ms,3.41504,recorder
20260801-110454_aws_77bb6f61,hier_compress_union_remotefrac_b8_k8_e2e,e2e,torch,13,0,comm_ms,3.13344,recorder
20260801-110454_aws_77bb6f61,hier_compress_union_remotefrac_b8_k8_e2e,e2e,torch,13,1,comm_ms,3.431424,recorder
20260801-110454_aws_77bb6f61,hier_compress_union_remotefrac_b8_k8_e2e,e2e,torch,13,2,comm_ms,3.180544,recorder
20260801-110454_aws_77bb6f61,hier_compress_union_remotefrac_b8_k8_e2e,e2e,torch,13,3,comm_ms,3.46112,recorder
20260801-110454_aws_77bb6f61,hier_compress_union_remotefrac_b8_k8_e2e,e2e,torch,13,4,comm_ms,3.013632,recorder
20260801-110454_aws_77bb6f61,hier_compress_union_remotefrac_b8_k8_e2e,e2e,torch,13,5,comm_ms,2.9184,recorder
20260801-110454_aws_77bb6f61,hier_compress_union_remotefrac_b8_k8_e2e,e2e,torch,13,6,comm_ms,2.982912,recorder
20260801-110454_aws_77bb6f61,hier_compress_union_remotefrac_b8_k8_e2e,e2e,torch,13,7,comm_ms,4.434944,recorder
20260801-110454_aws_77bb6f61,hier_compress_union_remotefrac_b8_k8_e2e,e2e,torch,13,8,comm_ms,4.80256,recorder
20260801-110454_aws_77bb6f61,hier_compress_union_remotefrac_b8_k8_e2e,e2e,torch,13,9,comm_ms,4.540416,recorder
20260801-110454_aws_77bb6f61,hier_compress_union_remotefrac_b8_k8_e2e,e2e,torch,13,0,scatter_ms,9.158656,recorder
20260801-110454_aws_77bb6f61,hier_compress_union_remotefrac_b8_k8_e2e,e2e,torch,13,1,scatter_ms,9.150464,recorder
20260801-110454_aws_77bb6f61,hier_compress_union_remotefrac_b8_k8_e2e,e2e,torch,13,2,scatter_ms,9.1648,recorder
20260801-110454_aws_77bb6f61,hier_compress_union_remotefrac_b8_k8_e2e,e2e,torch,13,3,scatter_ms,9.157632,recorder
20260801-110454_aws_77bb6f61,hier_compress_union_remotefrac_b8_k8_e2e,e2e,torch,13,4,scatter_ms,9.176064,recorder
20260801-110454_aws_77bb6f61,hier_compress_union_remotefrac_b8_k8_e2e,e2e,torch,13,5,scatter_ms,9.160704,recorder
20260801-110454_aws_77bb6f61,hier_compress_union_remotefrac_b8_k8_e2e,e2e,torch,13,6,scatter_ms,7.944192,recorder
20260801-110454_aws_77bb6f61,hier_compress_union_remotefrac_b8_k8_e2e,e2e,torch,13,7,scatter_ms,7.781376,recorder
20260801-110454_aws_77bb6f61,hier_compress_union_remotefrac_b8_k8_e2e,e2e,torch,13,8,scatter_ms,7.77216,recorder
20260801-110454_aws_77bb6f61,hier_compress_union_remotefrac_b8_k8_e2e,e2e,torch,13,9,scatter_ms,7.776256,recorder
20260801-110454_aws_77bb6f61,hier_compress_union_remotefrac_b8_k8_e2e,e2e,torch,13,0,gemm_ms,2.425856,recorder
20260801-110454_aws_77bb6f61,hier_compress_union_remotefrac_b8_k8_e2e,e2e,torch,13,1,gemm_ms,2.42688,recorder
20260801-110454_aws_77bb6f61,hier_compress_union_remotefrac_b8_k8_e2e,e2e,torch,13,2,gemm_ms,2.424832,recorder
20260801-110454_aws_77bb6f61,hier_compress_union_remotefrac_b8_k8_e2e,e2e,torch,13,3,gemm_ms,2.425856,recorder
20260801-110454_aws_77bb6f61,hier_compress_union_remotefrac_b8_k8_e2e,e2e,torch,13,4,gemm_ms,2.425856,recorder
20260801-110454_aws_77bb6f61,hier_compress_union_remotefrac_b8_k8_e2e,e2e,torch,13,5,gemm_ms,2.425856,recorder
20260801-110454_aws_77bb6f61,hier_compress_union_remotefrac_b8_k8_e2e,e2e,torch,13,6,gemm_ms,1.88928,recorder
20260801-110454_aws_77bb6f61,hier_compress_union_remotefrac_b8_k8_e2e,e2e,torch,13,7,gemm_ms,1.88928,recorder
20260801-110454_aws_77bb6f61,hier_compress_union_remotefrac_b8_k8_e2e,e2e,torch,13,8,gemm_ms,1.888256,recorder
20260801-110454_aws_77bb6f61,hier_compress_union_remotefrac_b8_k8_e2e,e2e,torch,13,9,gemm_ms,1.88928,recorder
20260801-110454_aws_77bb6f61,hier_compress_union_remotefrac_b8_k8_e2e,e2e,flux,13,0,e2e_ms,3.492864,recorder
20260801-110454_aws_77bb6f61,hier_compress_union_remotefrac_b8_k8_e2e,e2e,flux,13,1,e2e_ms,3.562496,recorder
20260801-110454_aws_77bb6f61,hier_compress_union_remotefrac_b8_k8_e2e,e2e,flux,13,2,e2e_ms,3.511296,recorder
20260801-110454_aws_77bb6f61,hier_compress_union_remotefrac_b8_k8_e2e,e2e,flux,13,3,e2e_ms,3.546112,recorder
20260801-110454_aws_77bb6f61,hier_compress_union_remotefrac_b8_k8_e2e,e2e,flux,13,4,e2e_ms,3.530752,recorder
20260801-110454_aws_77bb6f61,hier_compress_union_remotefrac_b8_k8_e2e,e2e,flux,13,5,e2e_ms,3.643392,recorder
20260801-110454_aws_77bb6f61,hier_compress_union_remotefrac_b8_k8_e2e,e2e,flux,13,6,e2e_ms,3.631104,recorder
20260801-110454_aws_77bb6f61,hier_compress_union_remotefrac_b8_k8_e2e,e2e,flux,13,7,e2e_ms,3.398656,recorder
20260801-110454_aws_77bb6f61,hier_compress_union_remotefrac_b8_k8_e2e,e2e,flux,13,8,e2e_ms,3.610624,recorder
20260801-110454_aws_77bb6f61,hier_compress_union_remotefrac_b8_k8_e2e,e2e,flux,13,9,e2e_ms,3.411968,recorder
20260801-110454_aws_77bb6f61,hier_compress_union_remotefrac_b8_k8_e2e,e2e,torch,14,0,comm_ms,3.796992,recorder
20260801-110454_aws_77bb6f61,hier_compress_union_remotefrac_b8_k8_e2e,e2e,torch,14,1,comm_ms,4.297728,recorder
20260801-110454_aws_77bb6f61,hier_compress_union_remotefrac_b8_k8_e2e,e2e,torch,14,2,comm_ms,3.77856,recorder
20260801-110454_aws_77bb6f61,hier_compress_union_remotefrac_b8_k8_e2e,e2e,torch,14,3,comm_ms,4.122624,recorder
20260801-110454_aws_77bb6f61,hier_compress_union_remotefrac_b8_k8_e2e,e2e,torch,14,4,comm_ms,3.567616,recorder
20260801-110454_aws_77bb6f61,hier_compress_union_remotefrac_b8_k8_e2e,e2e,torch,14,5,comm_ms,3.707904,recorder
20260801-110454_aws_77bb6f61,hier_compress_union_remotefrac_b8_k8_e2e,e2e,torch,14,6,comm_ms,3.482624,recorder
20260801-110454_aws_77bb6f61,hier_compress_union_remotefrac_b8_k8_e2e,e2e,torch,14,7,comm_ms,3.478528,recorder
20260801-110454_aws_77bb6f61,hier_compress_union_remotefrac_b8_k8_e2e,e2e,torch,14,8,comm_ms,3.597312,recorder
20260801-110454_aws_77bb6f61,hier_compress_union_remotefrac_b8_k8_e2e,e2e,torch,14,9,comm_ms,3.043328,recorder
20260801-110454_aws_77bb6f61,hier_compress_union_remotefrac_b8_k8_e2e,e2e,torch,14,0,scatter_ms,8.71936,recorder
20260801-110454_aws_77bb6f61,hier_compress_union_remotefrac_b8_k8_e2e,e2e,torch,14,1,scatter_ms,8.687616,recorder
20260801-110454_aws_77bb6f61,hier_compress_union_remotefrac_b8_k8_e2e,e2e,torch,14,2,scatter_ms,8.756224,recorder
20260801-110454_aws_77bb6f61,hier_compress_union_remotefrac_b8_k8_e2e,e2e,torch,14,3,scatter_ms,8.767488,recorder
20260801-110454_aws_77bb6f61,hier_compress_union_remotefrac_b8_k8_e2e,e2e,torch,14,4,scatter_ms,8.723456,recorder
20260801-110454_aws_77bb6f61,hier_compress_union_remotefrac_b8_k8_e2e,e2e,torch,14,5,scatter_ms,8.733696,recorder
20260801-110454_aws_77bb6f61,hier_compress_union_remotefrac_b8_k8_e2e,e2e,torch,14,6,scatter_ms,8.68864,recorder
20260801-110454_aws_77bb6f61,hier_compress_union_remotefrac_b8_k8_e2e,e2e,torch,14,7,scatter_ms,8.69376,recorder
20260801-110454_aws_77bb6f61,hier_compress_union_remotefrac_b8_k8_e2e,e2e,torch,14,8,scatter_ms,8.907776,recorder
20260801-110454_aws_77bb6f61,hier_compress_union_remotefrac_b8_k8_e2e,e2e,torch,14,9,scatter_ms,8.701952,recorder
20260801-110454_aws_77bb6f61,hier_compress_union_remotefrac_b8_k8_e2e,e2e,torch,14,0,gemm_ms,2.213888,recorder
20260801-110454_aws_77bb6f61,hier_compress_union_remotefrac_b8_k8_e2e,e2e,torch,14,1,gemm_ms,2.214912,recorder
20260801-110454_aws_77bb6f61,hier_compress_union_remotefrac_b8_k8_e2e,e2e,torch,14,2,gemm_ms,2.213888,recorder
20260801-110454_aws_77bb6f61,hier_compress_union_remotefrac_b8_k8_e2e,e2e,torch,14,3,gemm_ms,2.220032,recorder
20260801-110454_aws_77bb6f61,hier_compress_union_remotefrac_b8_k8_e2e,e2e,torch,14,4,gemm_ms,2.214912,recorder
20260801-110454_aws_77bb6f61,hier_compress_union_remotefrac_b8_k8_e2e,e2e,torch,14,5,gemm_ms,2.204672,recorder
20260801-110454_aws_77bb6f61,hier_compress_union_remotefrac_b8_k8_e2e,e2e,torch,14,6,gemm_ms,2.204672,recorder
20260801-110454_aws_77bb6f61,hier_compress_union_remotefrac_b8_k8_e2e,e2e,torch,14,7,gemm_ms,2.204672,recorder
20260801-110454_aws_77bb6f61,hier_compress_union_remotefrac_b8_k8_e2e,e2e,torch,14,8,gemm_ms,2.202624,recorder
20260801-110454_aws_77bb6f61,hier_compress_union_remotefrac_b8_k8_e2e,e2e,torch,14,9,gemm_ms,2.202624,recorder
20260801-110454_aws_77bb6f61,hier_compress_union_remotefrac_b8_k8_e2e,e2e,flux,14,0,e2e_ms,3.470336,recorder
20260801-110454_aws_77bb6f61,hier_compress_union_remotefrac_b8_k8_e2e,e2e,flux,14,1,e2e_ms,3.610624,recorder
20260801-110454_aws_77bb6f61,hier_compress_union_remotefrac_b8_k8_e2e,e2e,flux,14,2,e2e_ms,3.602432,recorder
20260801-110454_aws_77bb6f61,hier_compress_union_remotefrac_b8_k8_e2e,e2e,flux,14,3,e2e_ms,3.468288,recorder
20260801-110454_aws_77bb6f61,hier_compress_union_remotefrac_b8_k8_e2e,e2e,flux,14,4,e2e_ms,3.52256,recorder
20260801-110454_aws_77bb6f61,hier_compress_union_remotefrac_b8_k8_e2e,e2e,flux,14,5,e2e_ms,3.652608,recorder
20260801-110454_aws_77bb6f61,hier_compress_union_remotefrac_b8_k8_e2e,e2e,flux,14,6,e2e_ms,3.625984,recorder
20260801-110454_aws_77bb6f61,hier_compress_union_remotefrac_b8_k8_e2e,e2e,flux,14,7,e2e_ms,3.51232,recorder
20260801-110454_aws_77bb6f61,hier_compress_union_remotefrac_b8_k8_e2e,e2e,flux,14,8,e2e_ms,3.595264,recorder
20260801-110454_aws_77bb6f61,hier_compress_union_remotefrac_b8_k8_e2e,e2e,flux,14,9,e2e_ms,3.417088,recorder
20260801-110454_aws_77bb6f61,hier_compress_union_remotefrac_b8_k8_e2e,e2e,torch,15,0,comm_ms,2.989056,recorder
20260801-110454_aws_77bb6f61,hier_compress_union_remotefrac_b8_k8_e2e,e2e,torch,15,1,comm_ms,3.170304,recorder
20260801-110454_aws_77bb6f61,hier_compress_union_remotefrac_b8_k8_e2e,e2e,torch,15,2,comm_ms,3.340288,recorder
20260801-110454_aws_77bb6f61,hier_compress_union_remotefrac_b8_k8_e2e,e2e,torch,15,3,comm_ms,3.264512,recorder
20260801-110454_aws_77bb6f61,hier_compress_union_remotefrac_b8_k8_e2e,e2e,torch,15,4,comm_ms,3.190784,recorder
20260801-110454_aws_77bb6f61,hier_compress_union_remotefrac_b8_k8_e2e,e2e,torch,15,5,comm_ms,3.084288,recorder
20260801-110454_aws_77bb6f61,hier_compress_union_remotefrac_b8_k8_e2e,e2e,torch,15,6,comm_ms,3.00544,recorder
20260801-110454_aws_77bb6f61,hier_compress_union_remotefrac_b8_k8_e2e,e2e,torch,15,7,comm_ms,2.850816,recorder
20260801-110454_aws_77bb6f61,hier_compress_union_remotefrac_b8_k8_e2e,e2e,torch,15,8,comm_ms,4.62848,recorder
20260801-110454_aws_77bb6f61,hier_compress_union_remotefrac_b8_k8_e2e,e2e,torch,15,9,comm_ms,4.61824,recorder
20260801-110454_aws_77bb6f61,hier_compress_union_remotefrac_b8_k8_e2e,e2e,torch,15,0,scatter_ms,9.146368,recorder
20260801-110454_aws_77bb6f61,hier_compress_union_remotefrac_b8_k8_e2e,e2e,torch,15,1,scatter_ms,9.114624,recorder
20260801-110454_aws_77bb6f61,hier_compress_union_remotefrac_b8_k8_e2e,e2e,torch,15,2,scatter_ms,9.142272,recorder
20260801-110454_aws_77bb6f61,hier_compress_union_remotefrac_b8_k8_e2e,e2e,torch,15,3,scatter_ms,9.132032,recorder
20260801-110454_aws_77bb6f61,hier_compress_union_remotefrac_b8_k8_e2e,e2e,torch,15,4,scatter_ms,9.176064,recorder
20260801-110454_aws_77bb6f61,hier_compress_union_remotefrac_b8_k8_e2e,e2e,torch,15,5,scatter_ms,9.135104,recorder
20260801-110454_aws_77bb6f61,hier_compress_union_remotefrac_b8_k8_e2e,e2e,torch,15,6,scatter_ms,9.18016,recorder
20260801-110454_aws_77bb6f61,hier_compress_union_remotefrac_b8_k8_e2e,e2e,torch,15,7,scatter_ms,7.721984,recorder
20260801-110454_aws_77bb6f61,hier_compress_union_remotefrac_b8_k8_e2e,e2e,torch,15,8,scatter_ms,7.763968,recorder
20260801-110454_aws_77bb6f61,hier_compress_union_remotefrac_b8_k8_e2e,e2e,torch,15,9,scatter_ms,7.759872,recorder
20260801-110454_aws_77bb6f61,hier_compress_union_remotefrac_b8_k8_e2e,e2e,torch,15,0,gemm_ms,2.409472,recorder
20260801-110454_aws_77bb6f61,hier_compress_union_remotefrac_b8_k8_e2e,e2e,torch,15,1,gemm_ms,2.409472,recorder
20260801-110454_aws_77bb6f61,hier_compress_union_remotefrac_b8_k8_e2e,e2e,torch,15,2,gemm_ms,2.410496,recorder
20260801-110454_aws_77bb6f61,hier_compress_union_remotefrac_b8_k8_e2e,e2e,torch,15,3,gemm_ms,2.410496,recorder
20260801-110454_aws_77bb6f61,hier_compress_union_remotefrac_b8_k8_e2e,e2e,torch,15,4,gemm_ms,2.410496,recorder
20260801-110454_aws_77bb6f61,hier_compress_union_remotefrac_b8_k8_e2e,e2e,torch,15,5,gemm_ms,2.410496,recorder
20260801-110454_aws_77bb6f61,hier_compress_union_remotefrac_b8_k8_e2e,e2e,torch,15,6,gemm_ms,2.304,recorder
20260801-110454_aws_77bb6f61,hier_compress_union_remotefrac_b8_k8_e2e,e2e,torch,15,7,gemm_ms,1.882112,recorder
20260801-110454_aws_77bb6f61,hier_compress_union_remotefrac_b8_k8_e2e,e2e,torch,15,8,gemm_ms,1.882112,recorder
20260801-110454_aws_77bb6f61,hier_compress_union_remotefrac_b8_k8_e2e,e2e,torch,15,9,gemm_ms,1.880064,recorder
20260801-110454_aws_77bb6f61,hier_compress_union_remotefrac_b8_k8_e2e,e2e,flux,15,0,e2e_ms,3.412992,recorder
20260801-110454_aws_77bb6f61,hier_compress_union_remotefrac_b8_k8_e2e,e2e,flux,15,1,e2e_ms,3.629056,recorder
20260801-110454_aws_77bb6f61,hier_compress_union_remotefrac_b8_k8_e2e,e2e,flux,15,2,e2e_ms,3.509248,recorder
20260801-110454_aws_77bb6f61,hier_compress_union_remotefrac_b8_k8_e2e,e2e,flux,15,3,e2e_ms,3.559424,recorder
20260801-110454_aws_77bb6f61,hier_compress_union_remotefrac_b8_k8_e2e,e2e,flux,15,4,e2e_ms,3.433472,recorder
20260801-110454_aws_77bb6f61,hier_compress_union_remotefrac_b8_k8_e2e,e2e,flux,15,5,e2e_ms,3.731456,recorder
20260801-110454_aws_77bb6f61,hier_compress_union_remotefrac_b8_k8_e2e,e2e,flux,15,6,e2e_ms,3.538944,recorder
20260801-110454_aws_77bb6f61,hier_compress_union_remotefrac_b8_k8_e2e,e2e,flux,15,7,e2e_ms,3.493888,recorder
20260801-110454_aws_77bb6f61,hier_compress_union_remotefrac_b8_k8_e2e,e2e,flux,15,8,e2e_ms,3.60448,recorder
20260801-110454_aws_77bb6f61,hier_compress_union_remotefrac_b8_k8_e2e,e2e,flux,15,9,e2e_ms,3.418112,recorder
